jgs,gpn,1
vmv,zbp,1
nbx,qdk,1
kbr,pmf,1
lhn,zlf,1
bqg,zmx,1
tkm,vjc,1
fnq,dng,1
rmj,vst,1
fjc,lbb,1
xhz,zvp,1
hcf,lkp,1
vrx,khf,1
xjq,kkm,1
xbk,qhq,1
phx,lzr,1
msp,hfq,1
jss,mbn,1
bcd,jgs,1
qkq,grx,1
nks,dfg,1
lqm,kgs,1
rkh,rnn,1
pnm,lcf,1
qph,psr,1
krp,jvn,1
pvg,vfv,1
kfh,nrz,1
qvt,jpt,1
fdz,szk,1
xxm,xpk,1
fjf,lpk,1
llc,mzg,1
rbf,lph,1
pmt,tql,1
cqx,kft,1
sqz,ckj,1
nff,nrt,1
cqv,pxc,1
jxf,cnl,1
cqj,fcg,1
kjf,rvk,1
pfp,tkm,1
hgn,grf,1
zsd,fkl,1
smb,bmp,1
vdv,rcd,1
qvr,fvf,1
hnx,gzc,1
bqd,rsv,1
qkc,ldg,1
zxb,fxq,1
jvj,lvt,1
mvt,txs,1
rck,lnr,1
xhz,czq,1
lsp,gdb,1
zgp,fjs,1
tjg,scs,1
mqv,kpt,1
qvt,hbx,1
fjm,hbr,1
bqx,rjd,1
nks,jpq,1
jjf,lbc,1
lqg,gdb,1
vvt,mjs,1
jkj,kxx,1
llg,ftf,1
jtr,drz,1
frq,jkx,1
mbp,bch,1
npm,gcx,1
fkn,rpp,1
hbg,nkg,1
tqc,zrq,1
xbk,qkr,1
pjh,fpq,1
brc,szg,1
cfm,msn,1
vng,ktr,1
mfc,qnm,1
dgx,jtm,1
zvf,lrh,1
fvk,fpr,1
ngr,rxs,1
fhn,nsr,1
bsh,mpk,1
fqq,lzr,1
jph,bkh,1
bkf,lmf,1
bpc,jjb,1
qlx,bps,1
qjz,flq,1
vcj,tmf,1
qhz,prd,1
zcx,sfm,1
hfn,ssg,1
hbg,nsr,1
jnm,pxr,1
qnz,krb,1
tlf,fkl,1
nql,nml,1
jxd,cfg,1
ljj,pqf,1
dbs,nml,1
kgj,zsq,1
jkd,hjv,1
ljr,tmf,1
lhn,qtm,1
rth,hlv,1
mfc,bzh,1
xjq,rgd,1
szr,bkt,1
ttf,qns,1
cxx,qhq,1
kgj,fjs,1
jbj,rpq,1
chn,cmr,1
bql,jkg,1
bsh,ndp,1
jvj,skt,1
hdc,fqj,1
rbj,krx,1
lbz,hxj,1
clb,gbq,1
xsl,bln,1
brp,pbf,1
dlq,bch,1
ngt,mrj,1
npm,xqt,1
rbq,rhz,1
zrf,vrc,1
xkk,kzb,1
fqp,mng,1
dkg,xzl,1
hzk,dcm,1
ttx,nlv,1
jzc,jbv,1
lqm,lpg,1
cmq,bvn,1
hrz,tsl,1
fkx,hkh,1
xqv,qnz,1
chc,ptv,1
lgg,tdv,1
xmm,dds,1
drm,shc,1
mvf,prd,1
zzs,vzz,1
svz,qfv,1
knh,vfq,1
bzq,zmt,1
lhf,qqq,1
dmh,tmj,1
cmq,ckt,1
thp,nlg,1
tlq,hdk,1
zsd,fph,1
khf,hmh,1
jch,zmt,1
rnq,nlx,1
fzp,zlf,1
lqk,mbt,1
tpc,tct,1
cqz,jgz,1
jhx,nkx,1
bvb,tbp,1
qpz,qnl,1
fqr,vfq,1
qvx,bbk,1
cqm,lqq,1
xhh,dfg,1
rnh,tzn,1
mtt,ftf,1
khf,zhz,1
jhh,xjr,1
nmp,vtq,1
rcp,rpx,1
tbb,czz,1
nfk,mld,1
jft,jgs,1
qnm,qjz,1
lqb,gxm,1
grx,gxv,1
tzn,khh,1
qnz,kll,1
lfg,ghh,1
bds,xcq,1
skm,jsc,1
bcp,vnk,1
vjd,qxz,1
khm,jsn,1
blf,fxs,1
vsv,krx,1
bvx,skh,1
tbn,xtq,1
fkn,ldl,1
fjc,nrr,1
qtk,bqg,1
cnn,tjg,1
dng,rbf,1
ssb,vxz,1
sck,drz,1
cdg,rjp,1
kft,vtb,1
qkm,pkj,1
zgc,nvm,1
hnx,mbn,1
kkq,fsg,1
cbf,vmr,1
hrq,zkv,1
nmb,vhg,1
dxm,nll,1
tqc,bkp,1
zsg,lcp,1
tjc,dfr,1
jkb,xth,1
ndh,qsn,1
gph,dph,1
xhn,ckq,1
jbj,ksf,1
qpz,bbs,1
nkg,qck,1
jxd,qdr,1
nmx,mmg,1
fvv,jgp,1
pql,zjx,1
mdv,drl,1
pxd,rrz,1
csn,vmr,1
blf,gkn,1
bln,vpm,1
zvz,nsg,1
brz,nxb,1
jdp,hnb,1
btk,hcd,1
rbc,sqj,1
sqd,rrz,1
nrz,zgr,1
nll,kbp,1
bff,fzq,1
txp,vvg,1
shl,dxt,1
tkm,xkk,1
kqj,qsn,1
rdb,gdj,1
rnk,kjh,1
hvr,lgn,1
dbz,lcp,1
pct,rpx,1
tts,bcd,1
snl,dbk,1
lqv,kcg,1
lcm,zbz,1
gpv,cqz,1
pnb,sgb,1
ndh,qsk,1
sgp,jzb,1
kgm,qxd,1
vlc,mcg,1
mvl,zlp,1
pbv,pxd,1
sfg,shx,1
dbk,php,1
nnv,ggx,1
bpz,tlt,1
krp,blc,1
gtj,zlk,1
blt,xxg,1
jks,qvg,1
jtv,cjg,1
xzn,kmk,1
qtk,bnp,1
hpd,gnk,1
vsb,lkp,1
vmt,qpr,1
dcx,hhh,1
vhf,nxp,1
prt,jkx,1
rxs,blc,1
hnr,hfx,1
xfn,hjm,1
xmp,nnf,1
jth,dlk,1
sjj,nxb,1
xzl,bfj,1
khm,bhn,1
sbb,lmf,1
ncx,mnh,1
xpq,kkm,1
bcp,lrt,1
ffr,pdt,1
mpn,qzn,1
rdb,qff,1
krs,qxd,1
sfk,qsv,1
lvj,kcg,1
grx,nbx,1
hfn,tdv,1
xfr,shc,1
rng,rjp,1
zbp,xtk,1
drb,hbs,1
bht,sqd,1
tlf,tpr,1
xmn,cvl,1
zfs,ttn,1
tvv,xct,1
xrm,mpn,1
mnd,zfm,1
lkl,gbr,1
tqf,rpn,1
skd,ngj,1
vrq,tzn,1
kkx,rsk,1
dhs,vpx,1
prj,qjv,1
hnx,nbx,1
nxk,hzt,1
sgp,pts,1
tpr,sgb,1
nkz,xpk,1
kxl,kxp,1
mll,hlv,1
smm,zvf,1
sxq,kvk,1
ghv,rzr,1
kgj,qkx,1
llc,vhz,1
qkm,qdr,1
bkd,bck,1
stm,vnb,1
klv,pkm,1
hxc,kxl,1
qbz,dfd,1
dtn,zzb,1
zvz,tlm,1
shd,nfl,1
bxp,qck,1
gqb,dhq,1
nlx,kgp,1
tch,fzq,1
ghk,qtz,1
ztz,zdk,1
zxb,vhf,1
fhm,fdr,1
hqf,qdr,1
npg,pxh,1
qqs,bvv,1
txx,tmf,1
krz,vbc,1
nxk,zzj,1
tms,nvf,1
mhn,xrl,1
vpg,kmk,1
plr,zlf,1
nkg,pdj,1
jkb,sqn,1
zmf,jxd,1
hnx,skd,1
gfd,gpv,1
rks,mph,1
rmg,fdr,1
vlc,xtm,1
kvr,xrl,1
zrs,bqh,1
qbz,zgg,1
mhn,fcl,1
bsl,dzv,1
zgp,nnz,1
grx,rpv,1
gqm,gkv,1
kcr,qhl,1
tvd,cfm,1
tpg,prt,1
xfn,jgk,1
lcm,gbl,1
rcd,jtd,1
jrq,vqm,1
xkr,zcs,1
cqj,jkb,1
qqs,jrz,1
gjc,hxt,1
xpr,zxf,1
vjq,vnk,1
xft,mvp,1
crf,hss,1
mvl,xqr,1
skt,ddx,1
skl,ghh,1
cjx,rrp,1
bxs,pjs,1
zrq,rcp,1
mld,czv,1
prp,zsl,1
vzc,kgs,1
fvz,tsl,1
pqm,bsk,1
lxg,hxt,1
qxz,dxc,1
hkm,llc,1
xgt,ghk,1
dtm,kdm,1
zks,rvq,1
vkp,jxk,1
hbg,rbg,1
qxb,bfj,1
lcm,ktr,1
vmb,xxm,1
qtk,hrq,1
hzc,pnh,1
fzp,kqk,1
fqp,cjk,1
dnr,lsx,1
qhk,qdb,1
hqf,rch,1
gmg,tmm,1
vdv,zlb,1
zqt,kjh,1
pqc,bbm,1
qmh,dtn,1
tdd,xff,1
lmk,hdz,1
scp,sqr,1
xpq,tbp,1
bvn,jzc,1
qph,ddh,1
qvt,ljg,1
pbv,dzv,1
tcx,lmf,1
cmg,qqj,1
bjl,pqk,1
rbf,vmr,1
ldt,sjf,1
lgg,rsv,1
bmt,ccz,1
ltd,hjm,1
qbj,jkm,1
bck,sck,1
rng,mcg,1
lvp,xtq,1
zsd,zgl,1
bqd,rnn,1
jth,vnk,1
lvs,xpx,1
vlc,tqn,1
mhn,pxr,1
jhh,bpm,1
qff,vhz,1
jxs,jbq,1
khm,llp,1
dbk,xxm,1
kgm,tgd,1
hdx,dbl,1
bcd,ddh,1
hjv,kdm,1
dbs,xfr,1
qvx,tpj,1
pmf,dml,1
qng,kng,1
kfc,ltv,1
pjl,cpb,1
fnq,xfm,1
mbm,sbb,1
lbx,qhs,1
cqj,bxs,1
frq,gbq,1
hnb,vvg,1
mnh,zrs,1
cqz,rsr,1
rjd,bck,1
tgl,gkv,1
pjl,nvm,1
nmp,htj,1
fpl,nrr,1
jks,szp,1
mnn,flg,1
fzp,xcs,1
fpl,jvj,1
xsc,kmc,1
bkp,lcf,1
tdg,cvb,1
kqj,mrh,1
gbf,gfj,1
lzp,csc,1
khm,gft,1
zvm,pfs,1
txg,pts,1
tbv,rth,1
zrh,kkx,1
bhn,pvg,1
zrf,gsn,1
jks,fxf,1
rnm,zlb,1
ffr,jtd,1
ghs,xcq,1
trr,dhq,1
tvv,jks,1
bcq,tbv,1
pnb,bfh,1
smm,vlk,1
bhc,lbb,1
tdg,mjs,1
rrp,kst,1
hdc,ssn,1
qvm,qqq,1
srn,dlg,1
krz,kkg,1
nxk,dfk,1
dfr,vrf,1
zmx,jvd,1
vsq,hhq,1
cdd,ncv,1
hjz,fpr,1
vzc,psb,1
jhr,kvl,1
kft,skd,1
jgb,lhf,1
xdc,dhj,1
qng,tlt,1
sdv,hnj,1
nmg,xmm,1
lgd,pcj,1
pnf,gpd,1
qdz,czz,1
xmx,jkx,1
dzq,rsm,1
shf,khh,1
jxv,rsk,1
zvl,vmv,1
rjm,zbm,1
pkb,xcn,1
mtd,kgm,1
mhq,kxl,1
nvd,dlq,1
jrs,jpg,1
smb,mmd,1
dqm,ldl,1
mmk,zfm,1
jhx,szs,1
drb,fmf,1
tkr,bpq,1
dvm,pkm,1
tff,ffs,1
gbj,qtt,1
lkl,kkz,1
rvl,mmk,1
krp,pgk,1
kll,jtd,1
dvb,qvr,1
hdk,cln,1
qlm,ggc,1
cvv,jfl,1
lqq,hjm,1
bbm,gvs,1
txg,qjv,1
xvf,rsq,1
krs,xmb,1
gvs,dqx,1
dqm,rbj,1
tch,qqj,1
vsr,pkc,1
nkf,lgd,1
jss,bfh,1
flx,csl,1
rbs,gnq,1
rng,vkb,1
mcn,xrm,1
mkz,fxf,1
bcd,ksf,1
mjj,hhq,1
jvn,zbz,1
jfp,klv,1
hdc,tch,1
bbm,bhn,1
zrh,cps,1
vzc,xlv,1
nxn,cst,1
prf,vdz,1
mcn,hnb,1
mbp,bpp,1
kgj,bbz,1
txk,tql,1
tgt,slg,1
stx,bfj,1
nqk,ngr,1
hdc,ttf,1
bpt,nzs,1
hfs,xlv,1
ghs,zrs,1
rcg,jvd,1
hfq,vdz,1
qpr,mjs,1
rxs,qzn,1
hll,rvv,1
gmg,fcx,1
bpz,rsk,1
qtg,rmg,1
rnk,cln,1
pgr,jxc,1
kgp,dzb,1
fkh,fvt,1
pnb,gbq,1
tlh,cvl,1
sjb,tql,1
zxp,vcv,1
jtm,vrf,1
xtq,qpv,1
vkl,nln,1
qkc,hdk,1
dgx,shf,1
mbn,sdh,1
dqm,kxc,1
xsl,lxx,1
jcv,fbj,1
jkg,vrf,1
jkm,fqn,1
zch,mbt,1
njq,kmh,1
qvt,sdr,1
ncv,jls,1
xsc,svx,1
cdz,ckj,1
jfp,bmt,1
qhz,tdd,1
fkh,qtz,1
vsb,ctv,1
tqd,hgb,1
cxn,zlv,1
bgl,tmj,1
jgb,lgn,1
xfc,kdm,1
vrc,rch,1
dtn,gfj,1
lxq,ffs,1
mpf,gqm,1
rpq,qhr,1
hlg,vmb,1
xrc,cph,1
xcx,ptv,1
qtk,hfh,1
snj,vrt,1
zvz,kst,1
nfk,lbx,1
qkc,nsp,1
cjd,bmr,1
rdc,hqf,1
jpg,msg,1
bbz,ncj,1
lnr,qzx,1
ljj,dkc,1
sjb,dkj,1
zzs,hfx,1
nvh,zkg,1
lgn,scd,1
xzq,hbx,1
zsx,vhz,1
bzq,tjc,1
bds,msr,1
rrl,kbs,1
kmz,tts,1
gfp,pqp,1
krx,lrh,1
zhm,rpm,1
xtb,fqn,1
vgs,ssm,1
bht,tmb,1
zgg,tmj,1
znr,fvp,1
sfk,gbf,1
znr,rsr,1
npz,fvp,1
cqx,jxs,1
kld,xxf,1
nql,thp,1
fvn,nkx,1
frr,sqd,1
fdn,mmz,1
vmp,kgm,1
tpg,kqp,1
gql,flx,1
jzx,hqm,1
sxq,vrt,1
zgr,nvf,1
hvh,xvt,1
jzd,lqp,1
cph,grc,1
qmh,llq,1
ztc,nzs,1
ctv,qsl,1
kvr,tql,1
qdz,xlv,1
ntn,xtt,1
qvs,pxc,1
cpb,hrz,1
mbp,lbq,1
rck,nlh,1
tms,zkh,1
jth,drb,1
bln,jfm,1
bxp,xjq,1
bcq,jmk,1
fdz,kgq,1
tzh,nks,1
fhn,kbm,1
jvm,ntn,1
ztz,dhj,1
gtj,hkh,1
zgl,fsh,1
xct,pkm,1
cmq,nzz,1
pcv,sqr,1
zhn,dhj,1
tbn,srn,1
lff,kgp,1
gbr,zgh,1
mqq,dkt,1
zzv,nrt,1
hvr,tzj,1
vhm,hjr,1
scs,rgd,1
ftf,kqp,1
lqq,vlk,1
zch,gdj,1
npg,smb,1
xft,bmx,1
ldl,fpg,1
slc,kjd,1
rcn,lfk,1
jtg,xgv,1
njn,qnm,1
rmc,ppc,1
zlk,lvh,1
kbm,szp,1
tkx,jxb,1
hnt,cbf,1
pnb,pkf,1
mcc,dvk,1
zfs,gjq,1
rxv,vfv,1
fjf,ghs,1
fcb,kvb,1
frn,lss,1
dnt,vmf,1
xtb,mqm,1
sjb,pmp,1
mph,xmm,1
ffs,ckq,1
gfc,qvg,1
tkl,flp,1
rnh,ssb,1
rgh,bld,1
pnh,zlb,1
snf,gft,1
xzl,szk,1
ssg,dxt,1
fqj,qpr,1
frl,dlh,1
qdz,qpj,1
skh,ktr,1
zzt,hss,1
nxh,scd,1
bxh,zhx,1
tbd,czz,1
qzs,jhb,1
qxr,msn,1
zcf,vrb,1
shf,cnh,1
php,jts,1
nnv,hxt,1
hkm,vqz,1
qpz,jjf,1
bht,jxv,1
fpl,vdt,1
lnt,szp,1
xrk,gqd,1
bsl,vxk,1
jnr,zkh,1
vkx,qhk,1
dlq,ksz,1
qbj,lqh,1
mhf,ccz,1
gft,cns,1
hbg,scs,1
zmf,vsq,1
jxs,ncj,1
kvb,rmc,1
tmm,ccz,1
drb,csc,1
rkv,dhq,1
mcn,zsg,1
zzs,grj,1
lpn,lfk,1
hlm,mzf,1
lhf,lsx,1
dgx,qtt,1
rjd,gcn,1
kcr,tkt,1
jtf,hvs,1
cgt,sqn,1
fdf,gph,1
cjx,qhm,1
xcs,rvq,1
vbz,nbn,1
kdx,fxq,1
lfz,xcs,1
vks,lnt,1
frr,tmj,1
kcr,pbp,1
ssm,rpv,1
rlm,mcg,1
xhz,qxz,1
xfn,ckj,1
svt,gnq,1
msv,xth,1
bcp,rgm,1
gxm,zsk,1
bcp,sdh,1
rhp,jsn,1
dkm,vzz,1
vhz,hmx,1
qhq,glp,1
dbs,hzm,1
zhg,hdh,1
npz,fxg,1
tch,hps,1
fjs,qgn,1
blc,mrh,1
prl,cgx,1
gql,sjp,1
fmb,sjf,1
dtm,bnp,1
stt,jnm,1
nmb,rrl,1
vfd,jvd,1
cjx,zlp,1
zhm,tvd,1
dfv,xxb,1
nmx,jzb,1
hdc,qfr,1
fhm,fcl,1
vfd,mfc,1
xmx,ctp,1
rkv,tbd,1
gmx,qhs,1
tkm,kgp,1
ghs,ckj,1
lbd,vpm,1
mhj,plb,1
xcn,dml,1
bmr,fsp,1
xbh,xmp,1
lcc,rpv,1
nmg,cnh,1
nfk,ncd,1
ghx,qfs,1
cgv,mng,1
xbk,btv,1
stm,mff,1
zkg,qvg,1
hfh,rqk,1
qxr,msv,1
vsv,nxh,1
hnz,fkl,1
fcl,flx,1
fqp,dfd,1
jhx,vcv,1
pdt,sqj,1
tvv,kcg,1
mjq,ttv,1
qss,sfm,1
njn,lbb,1
sfk,nsg,1
xtm,tbv,1
cph,nxn,1
fzj,ztz,1
kxb,jxj,1
vsv,fkf,1
jpq,sms,1
chc,jts,1
vgq,lbc,1
ckt,bhv,1
pfn,mgh,1
zvm,mhj,1
zjv,gxx,1
vfs,csl,1
ffr,ddh,1
ghv,plp,1
shj,gbl,1
qlm,bcz,1
tpr,jfl,1
tbv,lsx,1
thr,kmh,1
mhc,mtd,1
kll,lbc,1
svz,znl,1
fjm,plr,1
msp,ptl,1
tpc,vxk,1
cxn,tpg,1
vsg,lnr,1
txg,nqc,1
hbk,xrb,1
mhq,zbm,1
hlg,mbn,1
ddk,nfg,1
sfh,qsl,1
kmz,trr,1
lxr,npv,1
mbm,vgs,1
rmm,npf,1
bvd,xft,1
lgg,fsp,1
vrc,flq,1
mrj,hsx,1
fkl,zpm,1
vgs,hqm,1
fqq,zfm,1
qvx,fqp,1
cnf,ngj,1
fhv,fph,1
rnk,dfr,1
fdz,qsb,1
fvk,brx,1
tkt,qns,1
rmm,jtm,1
rbq,czz,1
nqc,jfd,1
cxn,jtz,1
php,gdd,1
bmp,qtg,1
cvj,ndp,1
krz,kzb,1
bvd,ctp,1
bss,jtd,1
rkq,zkv,1
ncs,rpm,1
tgt,txp,1
thh,fzq,1
zqm,gbl,1
lbd,tgl,1
xmp,mrr,1
jnr,lvt,1
pnx,fvp,1
hrs,fhm,1
drp,zvq,1
mfk,hdh,1
kpx,tkg,1
prj,smv,1
pkc,kng,1
fmb,bpp,1
zgr,sqp,1
kkq,llq,1
jjb,cfx,1
jvj,xrn,1
qrt,zkv,1
rpm,nmr,1
lbf,dtb,1
vmg,qkq,1
mtt,hzm,1
zhd,dbl,1
dng,dpf,1
gkd,xmb,1
vkp,qsv,1
vrt,tdg,1
sjk,nzh,1
tpj,jtg,1
hdt,tmf,1
sbp,njn,1
ncd,szg,1
vmg,xfn,1
fqz,fhl,1
fnm,xjx,1
xjp,pcv,1
njg,jxc,1
tpg,qvm,1
xpr,cns,1
nrb,nxb,1
rlr,scp,1
bbs,xgv,1
mpf,sgp,1
dmr,ksz,1
zhn,rmc,1
cxc,dhj,1
vkx,qct,1
ntt,hgb,1
cjx,tqn,1
nrb,qrt,1
txb,lcv,1
vjj,zks,1
cnc,kfz,1
bsl,cmt,1
dpc,ssf,1
xcb,zsk,1
fqp,grt,1
mhf,pxh,1
vfq,qnl,1
lff,csp,1
pnx,qdk,1
dkj,fph,1
tqd,xjq,1
rst,pnz,1
hjs,pxh,1
nxk,hdt,1
jkd,vqm,1
xqt,xhn,1
lpn,lgg,1
rpq,jpt,1
dmr,pvd,1
hxj,jzc,1
rzr,jsn,1
zvz,lss,1
kjh,cgx,1
hdb,qct,1
rdj,qkc,1
zfk,qdv,1
gvs,mzr,1
qtz,csc,1
zzv,cln,1
gph,dtn,1
tff,fdn,1
rcp,zqp,1
tsj,dqc,1
tvd,sgp,1
dcs,vfs,1
bff,krb,1
kft,jpq,1
jkd,hfx,1
mdp,zfq,1
thd,dkc,1
bpc,pbs,1
cnl,zcs,1
rmg,nzs,1
zkg,nml,1
hgp,zqt,1
ncs,qrf,1
vgq,brx,1
fhv,tlm,1
gcx,qsn,1
vqm,rvq,1
mcg,cxc,1
bgl,njv,1
gvx,prd,1
qxm,kdm,1
zlv,gxq,1
rbq,glz,1
jnf,pfc,1
xcs,rlv,1
bxs,dkb,1
drm,pvd,1
bsl,zsk,1
dkc,ssf,1
ncx,zpz,1
hbg,zdk,1
gql,jhx,1
grf,bbz,1
ptl,tzj,1
kds,gcg,1
fsk,zpz,1
vxk,qxm,1
nnz,dnt,1
vcj,qgn,1
nsr,xcd,1
xzq,qfr,1
lnf,mfq,1
jfl,qsl,1
mrj,msp,1
pnm,bbg,1
khm,hnj,1
lqb,xmb,1
bdj,pnm,1
ggc,vjc,1
bkf,llc,1
xjq,nbx,1
njv,cps,1
kzm,scd,1
fkx,lqz,1
hsx,hfp,1
hxq,fmf,1
hzc,tct,1
qxd,ddh,1
ccg,qks,1
ngb,vtr,1
hfh,grc,1
hrq,lgd,1
hfn,jfm,1
qhm,mhn,1
xpx,vmv,1
jgp,kjz,1
rdb,sdk,1
mmh,hvs,1
mvt,pbr,1
jpp,rgd,1
cnz,hqm,1
dlk,jrv,1
tlf,crm,1
rbc,dbl,1
pts,ttv,1
vsr,vqm,1
qjs,kxc,1
xmn,sfh,1
vrx,rsq,1
zjx,ksz,1
gmx,hhj,1
lnr,kst,1
xqs,lss,1
dkm,pds,1
xbh,gbr,1
vqt,nlh,1
dqx,krb,1
bdj,vpx,1
svt,bfj,1
hdb,mhp,1
fcv,sck,1
lvs,bzm,1
pqm,pmf,1
cvm,lbq,1
ngn,jdn,1
nvz,qdr,1
mvt,cvm,1
mcc,zlk,1
vfk,glz,1
sfg,bnp,1
mhc,bdm,1
mnn,bpt,1
kbs,spj,1
cpn,hgz,1
cnl,gmx,1
nmr,bjh,1
frl,pnx,1
lhs,rbh,1
cxx,gxm,1
nzf,xrl,1
kjd,cvl,1
zsq,cfx,1
hdx,xtq,1
xpq,bks,1
mpq,cdz,1
tmh,chn,1
dvk,zbm,1
vjd,zlk,1
sxq,tns,1
mkl,tkt,1
cqv,xtk,1
bpc,mjq,1
mvf,sdr,1
nll,hqf,1
zhg,vgd,1
jtv,lcp,1
xqr,bpt,1
pkx,bld,1
xhz,hvx,1
hnr,fdn,1
mmh,psp,1
fhl,tzj,1
vgd,bld,1
kbm,flg,1
bxp,xpk,1
tmd,dnb,1
bpt,lsx,1
bpb,sgb,1
bpz,cvq,1
mqq,txk,1
ccg,zlp,1
chn,nhg,1
hfb,grf,1
rck,gdd,1
scs,mpk,1
tqd,rbh,1
pjh,gmg,1
sfb,lnf,1
jdp,dbl,1
rsm,nxh,1
vsl,lbq,1
prm,chc,1
lhs,cvl,1
vrf,mmz,1
qqs,prp,1
hjs,zlp,1
nks,fdd,1
qsk,qtm,1
rkh,bkh,1
rsr,kxl,1
zrq,nvz,1
pbp,vvg,1
zsg,lvp,1
qjz,tns,1
njg,mqm,1
nfl,vjj,1
hjs,prf,1
kxb,rgm,1
fvz,mqm,1
lvs,rsr,1
vzz,plr,1
zhd,btk,1
svt,kgq,1
gxv,ggx,1
pbr,ntd,1
fvm,hds,1
gbg,xkk,1
cnc,ttc,1
fcl,ftk,1
pzq,hfs,1
pkb,pzq,1
gqc,mkz,1
bkp,thh,1
pgz,czr,1
jzd,qpr,1
drl,jjf,1
zdk,xpz,1
xqv,hhh,1
zmf,qfs,1
xgt,zhr,1
dbs,xrl,1
tjg,vrb,1
cgx,jls,1
ddm,hmx,1
bnl,hmx,1
tvv,fqt,1
rqv,rmm,1
dkg,rnh,1
rqm,chm,1
mtt,cdz,1
lcv,ght,1
zxb,prl,1
nmb,vgq,1
jdn,lzr,1
qkr,cgz,1
vhm,qvs,1
brz,rch,1
qkm,zcs,1
tbn,prd,1
zvf,bjh,1
skm,ggc,1
zsl,fpq,1
ttn,sbg,1
vdt,hhj,1
nmv,fsg,1
hsx,ngj,1
hxq,jrv,1
lxr,dpf,1
dqc,lpg,1
xrb,qfr,1
jds,jkm,1
btk,vvt,1
vhf,qmp,1
rrg,cpb,1
snq,qvg,1
kvb,ssg,1
mpf,lph,1
gqb,xhn,1
xmx,jxk,1
vcj,kxl,1
vpg,zsx,1
tkg,vmf,1
qlv,vdx,1
gbm,fdn,1
thr,gbg,1
tlt,msg,1
crf,mdk,1
rvm,dvb,1
fqj,cst,1
bqh,vbn,1
bss,qkl,1
qnz,zgg,1
qks,dfg,1
npq,czq,1
fcx,zzt,1
vfs,ggx,1
gbj,nqk,1
ldb,jrz,1
cmq,vfs,1
xzn,csl,1
xtm,lxg,1
hnd,lqk,1
dlg,tzc,1
mff,lcj,1
gdh,lsx,1
jgb,ptv,1
vlk,xrl,1
ggj,mmd,1
rjm,qxh,1
tqf,zmx,1
fvm,zxf,1
krx,vsl,1
mld,mzr,1
hvr,sqn,1
stn,xrb,1
txs,mpp,1
mrj,xpz,1
qck,qct,1
sjj,qsb,1
bfx,vtr,1
vzc,tbd,1
ldt,vrb,1
fdz,btk,1
ptl,qdb,1
mpp,rgm,1
jds,lbb,1
qlp,nlg,1
sfb,ddm,1
qnm,xmm,1
ncx,bmr,1
hgp,xgm,1
hgf,kzb,1
mhp,dtb,1
shx,lcf,1
lbz,bkt,1
pkf,lcc,1
clb,tzh,1
nls,hgb,1
thp,bds,1
tdz,nzf,1
zcx,nrt,1
rcn,spg,1
hrq,vnb,1
mpf,jrz,1
vdt,bbg,1
ngz,bff,1
zvp,lqg,1
fqt,nlg,1
rfz,lfg,1
vks,ndp,1
dpc,tzc,1
fnq,hkm,1
tbb,jpt,1
hff,szp,1
cvq,kqj,1
zgg,lbc,1
djh,ppk,1
bpz,fcv,1
zlk,bpp,1
qdx,txp,1
rkv,dkc,1
shj,hbr,1
fmb,bld,1
chc,hbs,1
sqd,hrz,1
mdv,dqc,1
mbm,rlm,1
zgh,sdk,1
hvx,sqz,1
nxk,nnp,1
xqv,jbj,1
rkh,lvj,1
kmz,fvk,1
rkv,kld,1
hdb,nmx,1
dbz,zvm,1
cfd,zxb,1
ncl,xpk,1
mnh,fxf,1
fkh,pmp,1
nmp,xlv,1
fqn,qtm,1
bvx,qhz,1
kjz,rqk,1
mhc,fpg,1
lcm,pcv,1
mvl,fdd,1
fqz,sjf,1
ldb,vpm,1
hvx,vlk,1
cst,vxm,1
pnf,czv,1
bck,qrp,1
gsr,hbr,1
cmg,szk,1
fzj,ndp,1
zzt,fxf,1
szg,cnh,1
rsx,tzn,1
fcx,bhx,1
sjk,tms,1
xfc,gsr,1
kxl,hfp,1
jgp,rkq,1
qdx,hgf,1
gbr,vrb,1
nvh,kmk,1
zfs,nvm,1
vtl,vbn,1
hrs,nnp,1
ghk,dxc,1
fqq,qhs,1
stm,zxf,1
rgz,qkx,1
bcd,cln,1
jxb,rhz,1
lrb,ddk,1
slc,csn,1
fcx,pjs,1
rdc,vds,1
hfs,lcj,1
jrq,jcv,1
kpv,hff,1
lhf,mpq,1
zvl,psp,1
ffj,fqn,1
bvn,mmg,1
pbr,vbh,1
gkd,kmc,1
xmp,vmr,1
kgq,gft,1
fcl,bjl,1
jcv,pxd,1
sjt,lqg,1
plm,czv,1
lqh,cmt,1
fkx,jss,1
dtn,hvs,1
kzg,snl,1
gtj,ttv,1
xrk,jnf,1
xgv,sqp,1
dkd,sjf,1
mvf,nvm,1
vmb,kjd,1
pzs,qhk,1
zfq,cps,1
ddt,mqv,1
lbf,gqd,1
kvr,prt,1
hgp,zjv,1
vkl,jtg,1
nqc,fkf,1
jxf,lmk,1
krz,plp,1
jzb,zpm,1
nzf,sms,1
vtl,xqr,1
bxh,zgp,1
pqc,jkm,1
zzs,pgk,1
fvv,shj,1
txs,bch,1
hjz,kmh,1
sbp,brl,1
gfd,hmx,1
hfb,bfh,1
rkq,ddx,1
cmg,rbs,1
mjj,prd,1
mph,ghh,1
cnk,jch,1
svt,cln,1
qcd,bzb,1
ltv,gsn,1
qjs,rbh,1
plb,spj,1
nln,rvv,1
hvh,fpr,1
bhc,nrb,1
vtr,mdk,1
mmh,cnf,1
smf,qtt,1
mfq,lqz,1
vpg,kxc,1
qtk,njv,1
rdj,pnh,1
lvh,tmm,1
gsn,rpn,1
lph,hxt,1
ttf,lcj,1
cqx,prm,1
prm,nlv,1
rcn,rlp,1
jch,nff,1
qtg,zsl,1
kpd,hbr,1
xxf,kng,1
xjp,nxp,1
brz,lzr,1
tmb,llp,1
bpc,dqm,1
vqt,hff,1
pfj,nlg,1
fsk,hbs,1
dzq,ftk,1
bxp,lzp,1
dzx,jts,1
zfk,bbk,1
zcx,tlq,1
ssg,jxj,1
xhh,jfq,1
jnr,qns,1
tqn,mpk,1
qlp,nmr,1
bhc,gjq,1
sdv,mjs,1
jbj,mmz,1
cpb,rpn,1
qbj,sqd,1
dcm,ntd,1
vqb,cnz,1
txs,jnk,1
zfk,bdj,1
cvb,kqk,1
bxs,hsx,1
npq,xtt,1
xcb,qcn,1
kpx,jgz,1
slc,bnl,1
cvv,lkp,1
npz,zxp,1
vjc,rht,1
qss,bpm,1
ttx,ztc,1
bpm,srn,1
znl,sjt,1
gvb,cps,1
kjh,ddx,1
grx,jtz,1
xzl,qmp,1
mjq,jnf,1
hjz,fnm,1
gkd,hpd,1
ldb,kbm,1
cst,vjj,1
mhg,cvb,1
hdt,lqg,1
hlm,nxh,1
fnm,sqp,1
tlq,vxm,1
kld,cmj,1
nls,bzm,1
vdv,tff,1
xct,nzs,1
pfm,dmh,1
hgz,mzg,1
nxp,qxm,1
tck,jln,1
qjk,jpq,1
fxs,nln,1
php,zzt,1
gbf,hnd,1
mqh,gbr,1
glp,mng,1
hvh,bbs,1
xzz,kpt,1
blt,jzx,1
nxh,dhj,1
qsb,cps,1
hmx,fdd,1
qxz,jvm,1
jhh,rlv,1
lvs,crm,1
rkv,xtb,1
smm,ccz,1
kzg,xvf,1
dqc,nfg,1
npq,nnp,1
mrj,pnz,1
snf,csp,1
mnn,skq,1
gvx,zlf,1
ngn,bnp,1
hvh,dpc,1
qcn,pnm,1
rxv,pgk,1
cpn,snq,1
npg,lgg,1
stn,lhn,1
brc,ljg,1
hqr,rlp,1
hcf,dnb,1
kqh,pbv,1
qmh,xzz,1
cnk,tkt,1
jph,zbm,1
jch,prl,1
brp,hgn,1
mhj,drz,1
shx,mrh,1
rfz,pjl,1
fqz,lss,1
qmh,sgp,1
hgf,fbj,1
hjm,jtz,1
cvq,fqr,1
gfc,bmt,1
lrt,dkt,1
dxm,vjc,1
npf,ttc,1
vkp,nsg,1
vfp,plp,1
vqz,njc,1
hnz,pql,1
pmt,sbb,1
vxt,dxr,1
qcd,zpz,1
gvx,tdd,1
ffr,qhr,1
nzs,hvs,1
vxt,psb,1
txk,gdh,1
bqx,kbs,1
vqb,dlk,1
hjs,nqc,1
lvb,mpq,1
rst,bjh,1
xjr,qcn,1
cmm,spj,1
vng,nlx,1
dnb,dvb,1
lvb,jhx,1
glx,fsp,1
xpx,xtz,1
xcd,zgl,1
lrm,rpn,1
dvk,qqq,1
jmk,spg,1
fbj,qpv,1
tgt,bkd,1
qhz,tkk,1
shj,pds,1
qnz,sth,1
jph,ntt,1
cnk,nsp,1
lbd,khd,1
ztc,mmd,1
tkg,fqt,1
npq,xxg,1
vbc,jsc,1
fzp,cnc,1
sbq,njc,1
jxf,xrc,1
kkx,czv,1
dlh,fvt,1
xgt,vsl,1
hrs,xtz,1
tbn,dxr,1
zzv,qfr,1
hkm,vbh,1
khm,rsx,1
tcx,mpk,1
qkl,jsc,1
dxb,rbg,1
dzx,kxx,1
cxc,sms,1
xjr,rpx,1
slc,jss,1
mnn,xfn,1
zjx,xcq,1
kjk,qqq,1
mmh,rmc,1
hck,rpm,1
xxf,bff,1
shf,jkg,1
xmx,rpp,1
zcv,pdn,1
mll,jtf,1
gcx,jsn,1
xkr,bql,1
vsg,hss,1
hxq,dpf,1
sjk,qdv,1
fjf,qfv,1
gqc,sfb,1
jss,dnr,1
gft,dzv,1
lhp,jtm,1
fxq,kgq,1
dcx,qhl,1
jkd,jft,1
fxs,tdd,1
gvb,jpg,1
qkq,cdg,1
gsr,vjc,1
mrg,ckt,1
kpx,hkm,1
kgj,zhz,1
mhg,mpn,1
bnl,fbg,1
ljj,cst,1
cjc,rrx,1
rqv,kqh,1
trj,xfm,1
jkj,lhf,1
xqs,kkz,1
cmz,bql,1
qsb,fjq,1
dkc,dhs,1
jrv,rgz,1
fqj,tzc,1
cxn,ncx,1
phx,btv,1
cnn,ncj,1
bvd,bpt,1
gpv,ncl,1
hfh,fxs,1
hzc,jvn,1
kjk,qgn,1
pqp,qvg,1
cnf,cfx,1
dlh,cnz,1
rng,zhg,1
txx,jrv,1
dkm,gpd,1
xcd,xtk,1
hdb,rgh,1
pgz,gtn,1
nvf,jxc,1
zvm,ggc,1
plp,grc,1
fxq,dds,1
tpc,spj,1
frq,tmm,1
stn,xcs,1
jtr,hqh,1
dsz,krb,1
hbk,njq,1
nmb,sth,1
vfk,pgg,1
gqc,hkm,1
rlr,qdv,1
xkk,jxv,1
svz,zkg,1
sqx,gdj,1
xsc,bck,1
kpt,fmf,1
snf,gcl,1
jhr,dng,1
qlp,gxv,1
fhn,nmv,1
kqh,qtm,1
cfd,jrm,1
kfc,vmp,1
smf,vgq,1
fvz,bsk,1
jhb,clb,1
jtm,rcp,1
bxh,smv,1
trr,cpb,1
rvm,jjb,1
mnd,rhz,1
qhm,sjt,1
jxs,ldt,1
mqq,djh,1
rks,rhz,1
xcx,hjn,1
jnk,njc,1
txb,fbj,1
mfk,cvm,1
krz,mnd,1
vtq,gcn,1
bds,gxq,1
lcs,brc,1
plb,kgm,1
nsr,mgh,1
tbb,flk,1
vrs,mgr,1
zgc,ffr,1
zkc,xjx,1
ghx,nrt,1
kll,ffs,1
rnn,mpk,1
dkb,qsl,1
txb,pjl,1
qsx,sdv,1
xvf,jbv,1
mhj,ssn,1
chm,kqj,1
vhf,mhc,1
mgh,dpf,1
lvp,knd,1
nnk,hjr,1
zqt,gxm,1
lhf,hxj,1
cnl,qhs,1
xgm,ckq,1
dxm,vfq,1
cgx,qph,1
lqb,btk,1
fnl,qrp,1
vmp,lfz,1
mdp,gcl,1
kxp,dhj,1
gjc,qsv,1
qfv,zhz,1
bmt,jtf,1
jxb,bqg,1
vrs,cnh,1
hzk,nmr,1
dkg,tsl,1
sdh,qqq,1
gbg,dqx,1
mbm,lnt,1
hgb,xpz,1
bjl,sjp,1
qqj,zqp,1
zmf,kfc,1
skt,lcf,1
rvk,bhv,1
hfl,vkb,1
nxb,grc,1
lvf,tgm,1
jrm,kfh,1
bkd,nrr,1
kzm,hzm,1
klv,gfj,1
ngb,gbq,1
zsd,bvb,1
lvj,vsl,1
kzm,msp,1
prd,zmt,1
jhr,grx,1
tmb,jds,1
hjv,cnh,1
tqf,pmf,1
csn,bmx,1
ssn,mpn,1
tbp,xct,1
hfb,pvd,1
zhg,zvp,1
mhc,vzr,1
qdv,zqp,1
jch,gpn,1
lrb,cjc,1
kld,flq,1
rvm,rmj,1
jxf,fpl,1
jtv,gpn,1
vph,ncd,1
xmx,kxc,1
vxm,rcd,1
znl,xtk,1
nmv,pqp,1
khm,qsk,1
thp,pgz,1
pqc,dzb,1
znr,ppk,1
skh,jhh,1
rpm,sbq,1
zkg,ncj,1
gfd,frn,1
npz,zsq,1
vkx,hck,1
srn,rlv,1
vsq,hbx,1
fcb,jzb,1
qpj,kgp,1
lkl,ppc,1
jch,skm,1
zch,mgj,1
bhn,pkb,1
zqk,bvv,1
kjf,pbf,1
qpz,nlx,1
zqm,vds,1
cfm,jrv,1
rpq,njq,1
mbh,fpq,1
jnk,cdg,1
frn,hht,1
jhr,kbm,1
qbj,qrp,1
zfs,vxb,1
fvv,sfg,1
xxg,krx,1
lxq,hhq,1
hqh,knd,1
qhk,qdk,1
szr,mhn,1
vbz,bnp,1
qxh,dlk,1
xsc,qxm,1
snl,vrb,1
kft,vkp,1
cvm,pxh,1
vmb,pjs,1
pjh,pkf,1
nqk,ssf,1
lpg,vxz,1
qhm,fcl,1
qcd,jss,1
pdt,pds,1
bql,txp,1
qrf,dkt,1
dkj,mhp,1
gbj,zcv,1
lqb,zsg,1
mcn,qhz,1
gxv,lrt,1
skh,dkg,1
fnq,vcv,1
bpb,hfq,1
stm,zks,1
vzr,hpn,1
jfl,jxk,1
lvb,zkg,1
pkx,mvn,1
pdn,llp,1
hxc,hfq,1
lxq,rrx,1
lvj,gkc,1
llc,csl,1
tkl,rrx,1
ccg,qck,1
cqm,gkv,1
rdc,vhg,1
vks,nnk,1
sbp,nlx,1
zrf,kvv,1
fqn,sbg,1
smm,vbh,1
cjx,fjs,1
mhp,hfp,1
ksx,xpz,1
kkx,vxk,1
kmz,vfp,1
fkx,qxh,1
mhn,ckj,1
fvf,mdk,1
gvb,fqq,1
gqm,bmp,1
fdf,nkz,1
nnz,kqp,1
bpp,zzb,1
kmc,qzn,1
nnk,skq,1
gsn,cgz,1
jrm,tsj,1
lqp,gsk,1
rkv,qph,1
kcr,bbk,1
rbq,ttn,1
ngr,rlx,1
gtj,cfm,1
mqh,vsb,1
dbz,rht,1
rrp,dnt,1
pkj,ghh,1
kmc,sth,1
drl,jvn,1
lqh,bpq,1
qdx,pcv,1
zgl,jzc,1
bkh,ntd,1
tzb,flb,1
hlg,dlq,1
bhc,xvt,1
dmr,zbp,1
ksx,crf,1
sqz,zch,1
qjz,nvm,1
fvm,gpg,1
vmg,qdk,1
djh,nbx,1
fdn,dml,1
xqs,qvr,1
hfv,vrq,1
nfg,brx,1
bvv,qrf,1
sfk,vtl,1
dkm,cmj,1
kcg,ppc,1
pzs,nlv,1
nvd,cxc,1
lvs,ggj,1
ddt,bkt,1
gqb,hnb,1
nnv,hlv,1
bjl,kmk,1
mll,lrh,1
ldt,lnr,1
gcn,dgz,1
ghv,jgs,1
xrm,lqh,1
hck,vjd,1
nnk,hss,1
bzb,tlm,1
xcb,qhq,1
qvx,bps,1
xzn,rbg,1
qdb,dkt,1
fxq,drz,1
pqf,gpg,1
lxx,prf,1
svx,qvt,1
bnl,gdh,1
mgh,hzt,1
zxf,fhb,1
kgm,zkv,1
sqz,xhh,1
fxs,qfr,1
ngt,bjh,1
nml,hqm,1
czq,qrf,1
svz,jpp,1
rsv,pbs,1
jch,flk,1
dlp,zgf,1
tpb,qkc,1
vjj,vfv,1
cgt,dtn,1
gkn,fpg,1
sgb,gdb,1
tdz,fpq,1
hht,tlh,1
kft,qtg,1
sbq,fsh,1
hvr,dzx,1
vkp,gkv,1
ccg,lfk,1
mdp,rbq,1
tdv,rvk,1
hds,czz,1
bqx,gsk,1
jnm,dpf,1
cvj,ksx,1
hjn,psp,1
pmf,jjf,1
zrq,skm,1
qlm,nfk,1
xfr,sfh,1
xfm,hmx,1
dkg,btv,1
gsk,ssn,1
rgh,dtb,1
srt,zgh,1
bmr,czr,1
xpq,pkf,1
fzp,flp,1
rrg,nvz,1
vqv,tkk,1
qdr,rqk,1
mrr,bvn,1
smb,hcf,1
xtm,sjf,1
nvh,kxx,1
cqm,qhk,1
cvv,msv,1
pdn,dzb,1
bhc,bdm,1
zrh,bqg,1
skm,zlb,1
gjc,mvn,1
nfg,kmh,1
fhv,nmx,1
pbr,lvh,1
fvf,nlh,1
bfx,kkq,1
lqb,pbp,1
spg,qrf,1
zxb,cfg,1
frr,nrr,1
xxm,dhj,1
pnh,xgv,1
lbz,vbh,1
vfs,jfd,1
tff,xcn,1
thh,qrt,1
mll,vtb,1
cqz,mmg,1
cnr,vzr,1
krp,rvv,1
fhl,ksd,1
hxq,jfd,1
qjs,dkb,1
hhh,gmx,1
xvf,srt,1
vtq,sbg,1
lqd,msp,1
vqv,jsc,1
bfh,rbf,1
ghv,pnm,1
vbz,lcv,1
jrm,lvp,1
fcv,sfg,1
xkk,gkd,1
gbj,lcj,1
prl,bqs,1
ksd,fsp,1
lff,tjc,1
xzq,qxd,1
mrc,jpt,1
cdd,lqh,1
tkr,rks,1
lvf,glx,1
ggj,spg,1
stt,zzb,1
zsl,lqz,1
fqm,qct,1
nzh,sqj,1
mmd,zpm,1
sjt,lmf,1
thp,clb,1
vmv,hcf,1
rbj,jrz,1
fcb,bkf,1
vsl,skq,1
vtr,gtn,1
rdb,cdg,1
xzq,kjz,1
shd,qhl,1
glz,qhs,1
nqc,ppc,1
vng,vkl,1
gkn,hnj,1
svz,msn,1
frl,shl,1
qjs,rgh,1
fvz,vnb,1
rqm,qsn,1
vtb,jmk,1
dxr,pfs,1
gtj,rck,1
rqm,qpv,1
vrx,pxc,1
nmp,cjc,1
rlm,qvm,1
lbx,flp,1
lff,tch,1
bzh,drz,1
hdx,qns,1
ldg,sqr,1
rth,crf,1
thd,jdn,1
kdx,zhd,1
qzc,nmg,1
lvs,pxc,1
ljr,rnj,1
prm,jfm,1
shc,lqk,1
cxx,zfq,1
jnk,spg,1
tqc,ssb,1
qxr,fqt,1
vrs,lgd,1
hnd,dvm,1
mzf,zhr,1
ttx,ksz,1
ngt,sbb,1
vvt,jtm,1
hcf,lhn,1
llt,qks,1
vjd,zhx,1
qkl,lqh,1
tkx,qsn,1
gzc,jzx,1
lnf,jxj,1
hzk,trj,1
zcx,fjq,1
hht,mvn,1
bgl,lfz,1
sqx,pbs,1
tzj,qvr,1
jkj,cnn,1
jzd,xff,1
trs,tmd,1
tkm,brz,1
zcv,vrq,1
xvt,lpg,1
ksd,jbq,1
grf,ngb,1
sth,tgd,1
dbk,bkt,1
hsb,jgk,1
lqv,mvn,1
xpx,mrr,1
sxq,njn,1
zhm,lbz,1
cnr,lrm,1
lvb,zlv,1
fhh,xlf,1
xkr,zgf,1
jth,ksd,1
pgg,gcl,1
lzp,kkz,1
nvd,prj,1
lvs,ldm,1
ndp,xtt,1
drm,vcv,1
xtz,csn,1
xsl,llg,1
bsh,mll,1
qxb,cps,1
sdr,bbk,1
lqm,zmx,1
hrs,llq,1
kvr,dxt,1
vql,hfq,1
qkc,kgs,1
lbd,qqq,1
khh,qzn,1
hzt,zsq,1
hkh,lqg,1
gcn,bsk,1
fvn,bvb,1
rst,qgn,1
msp,hff,1
vsv,mgj,1
kkq,jpp,1
nzz,fdr,1
gmg,gqm,1
fdz,fqr,1
rqv,psr,1
rmm,xrn,1
llt,cqv,1
zzj,khd,1
rrl,cnh,1
kqh,lmk,1
dxb,mpq,1
cnc,xzq,1
zzt,vql,1
blt,mbh,1
dzq,lnf,1
tgd,gcx,1
jhr,ctp,1
pdt,rvv,1
kfh,vfp,1
trs,qsl,1
mrr,bkf,1
kvv,lrm,1
cpt,czv,1
tkl,pds,1
bfx,ptl,1
ghv,nxp,1
nrr,qhl,1
xxg,lmf,1
gxq,hmh,1
nfk,jkg,1
xbh,fph,1
thd,bhn,1
rfz,fqr,1
vtq,dlg,1
hbx,tns,1
csp,rht,1
tzb,sqp,1
lpn,bct,1
gbj,drz,1
xrc,lrm,1
xlf,htj,1
pgr,dgz,1
frn,cjd,1
skd,ssg,1
pkj,bpm,1
gcg,lss,1
ncv,bdm,1
jdp,jgp,1
hhj,sbg,1
mdv,xjx,1
fhm,kqp,1
pfn,lvf,1
fhh,fhb,1
bpt,ngj,1
zgr,ttc,1
tlf,hdv,1
nhg,dnr,1
mkl,nzh,1
lzp,rmg,1
skh,rvq,1
xdc,kqp,1
kvv,pvg,1
mtt,vmf,1
vmb,kvl,1
kpv,zbp,1
pnf,bmz,1
vkl,cns,1
kds,gxq,1
fvn,njc,1
mmh,tkg,1
knh,jkm,1
cpn,tdv,1
gcg,hgz,1
vlc,cqj,1
rfz,hll,1
chm,bmz,1
tlq,stx,1
jdp,mmk,1
zgc,tts,1
jhb,mcc,1
snj,jdn,1
zjv,glp,1
bvx,xmm,1
lcs,nbn,1
tgl,cnz,1
jcv,grc,1
vjj,xhn,1
mnn,hnt,1
dfd,rqk,1
tlm,ptv,1
nql,mnh,1
jjb,kxp,1
kbr,tsj,1
cdd,kvv,1
dtm,ssb,1
pfn,nlv,1
lvp,tzn,1
dkg,hds,1
hfb,jtz,1
ghv,gsh,1
khf,mbt,1
pdn,shx,1
zcf,gpv,1
cqm,npv,1
ntd,psp,1
vmg,rjm,1
mhf,vrx,1
tts,vvg,1
mvl,rjp,1
xjp,cjs,1
cgt,mkz,1
skh,rrx,1
stt,dxt,1
qzs,rpm,1
tch,dds,1
jtr,hpn,1
dlp,gpg,1
stx,pds,1
skh,kng,1
tkr,zxb,1
ckq,jxc,1
qns,tns,1
zkc,tms,1
vph,bkd,1
rpq,fdn,1
fvv,zrh,1
hdk,rpx,1
llq,nsg,1
vfk,cmm,1
tjg,ntd,1
bln,pqk,1
cpt,fqq,1
ngn,lfg,1
rbg,hdv,1
dlb,btv,1
cmr,bch,1
dsz,bmz,1
kkm,nkx,1
pbv,nln,1
cqv,pdj,1
npv,qzx,1
pgk,rch,1
khh,jsn,1
shd,gqb,1
txx,jnf,1
zvl,jnm,1
qvs,rgm,1
vsr,kvk,1
zpz,jgz,1
xqr,hgb,1
tkl,hbk,1
hlm,ppk,1
ztc,fkf,1
jds,rht,1
pdj,vrb,1
mqq,cqm,1
tcx,jtz,1
cph,xcs,1
nnp,tgl,1
vxm,mrh,1
jdq,jvm,1
lvt,bqs,1
tzb,qrt,1
pxr,fsh,1
npz,jvm,1
rth,rpp,1
rlr,fhb,1
tdd,lfg,1
vpg,qsl,1
qjv,zdk,1
zzj,fcx,1
rbc,qqj,1
qng,sdr,1
zcs,flp,1
vks,szs,1
jph,sfh,1
cvv,mqv,1
gql,jks,1
ktr,bqs,1
nff,vxz,1
vmr,mdk,1
hlm,qlp,1
pkb,qph,1
dpc,mgr,1
vhm,kcg,1
jsc,qnl,1
qfs,trr,1
szr,lvf,1
thr,vsr,1
bvd,sdh,1
qdx,sjj,1
qjk,lzp,1
dnb,zpm,1
qzs,vqz,1
rfz,lhp,1
fmb,dxc,1
sqx,cqv,1
mnh,lqk,1
kpd,gnk,1
qkq,cqz,1
qlx,bmz,1
zqk,rsq,1
vgs,ckt,1
ptl,snq,1
tqc,brx,1
zzj,kxx,1
qsx,hps,1
qhk,kvl,1
ztz,gdh,1
xrn,pfm,1
fvm,jzd,1
tcx,xcq,1
bsh,qct,1
lpk,pql,1
skl,flb,1
vmt,xvt,1
lgd,cfg,1
lnt,bhx,1
vhm,pqk,1
fcl,hjr,1
zvp,fkf,1
jfm,rpv,1
mhq,grx,1
jtg,mff,1
vkx,qtz,1
cjc,slg,1
vmt,xmb,1
fhh,qtk,1
rvm,vpm,1
hqr,lqz,1
tpb,gnq,1
ddk,nbn,1
pnz,bch,1
qss,bql,1
fdz,gjq,1
fjc,mtd,1
zvl,prf,1
ngt,zsd,1
vdt,flb,1
dzq,qdb,1
vbz,rlv,1
tlh,gkc,1
sms,crf,1
fvn,lsp,1
pgg,hhj,1
bkh,zgh,1
cfd,gsh,1
hjs,npv,1
dlb,tbd,1
rdb,hdh,1
mvt,dph,1
thr,dzb,1
hkm,hfl,1
bpc,vsg,1
vrt,cst,1
fkn,rnn,1
xmn,vkb,1
hgp,stx,1
zvf,mcc,1
rvl,pqf,1
cdd,vfp,1
ztz,mvp,1
dlb,hdz,1
jfp,tgm,1
dlg,tgd,1
xxb,ljr,1
vjq,dlk,1
gdd,vdz,1
mhj,rnm,1
llp,bbg,1
hqh,ljg,1
nlh,bzm,1
jkj,trj,1
llt,qjk,1
cnk,phx,1
hxc,gkc,1
lqd,ddm,1
mrj,lxx,1
tmh,gzc,1
dhs,gnk,1
jpg,pct,1
xdc,kpx,1
pqc,nxn,1
dvk,xpk,1
tbb,tct,1
pqm,tzc,1
vqt,rlm,1
gbl,pfs,1
kgj,vbn,1
gbf,dcs,1
lcm,cxx,1
mvf,sjj,1
srt,bhv,1
bbz,kxl,1
mmk,rlx,1
jds,vfv,1
jgb,kpt,1
mzf,nks,1
llt,pvd,1
gph,bks,1
bzm,rlj,1
npm,pvg,1
grx,ftf,1
pbv,kbr,1
xtb,hnr,1
mpn,bqs,1
mfk,vsl,1
kmz,cxx,1
jvj,jvd,1
lvt,dmh,1
smf,pfm,1
npg,kst,1
cgv,tzc,1
thd,dml,1
rdc,qtm,1
ljr,fkh,1
sqx,pqp,1
bbs,ght,1
hds,qnl,1
mqv,bqh,1
klv,fcb,1
jds,mhj,1
brp,xpk,1
ltv,qnl,1
fsk,php,1
khm,vds,1
nll,shx,1
pgz,jmk,1
ddm,mkz,1
pxh,lnf,1
xfn,skd,1
xrk,snq,1
lqv,cnz,1
zgp,nql,1
xzz,mbp,1
bbm,dtm,1
ttx,zsl,1
tpb,rxv,1
trr,nvz,1
cfd,hcd,1
vkb,mbt,1
vrs,zgr,1
cph,xlf,1
lcc,fdd,1
rks,dqx,1
qng,rqk,1
sbp,rcd,1
fvv,ffj,1
tsj,cmj,1
bqh,jfq,1
scp,vds,1
kkg,ggc,1
mrg,ftk,1
pfp,bsk,1
xrn,pgr,1
rvl,kfz,1
snl,vmf,1
hht,lbf,1
npf,ttn,1
kdx,qtt,1
fcg,bcq,1
dfg,bmx,1
qbz,vpx,1
jnr,hjv,1
rnq,dfk,1
ddt,khf,1
txx,rdb,1
znl,gtn,1
pmt,hgz,1
jss,zxp,1
qxb,cns,1
ksx,zlp,1
vbc,knd,1
xqr,qsv,1
dxm,ttc,1
qfv,pjs,1
dbz,dlp,1
lqd,vlk,1
ldl,ltd,1
rgz,sdk,1
jls,dzv,1
qcn,xvt,1
bmr,bld,1
bzq,dqx,1
pgg,qsk,1
cnk,qdx,1
krx,mvp,1
hmh,kst,1
bzh,bcz,1
lhs,frq,1
ndh,cjg,1
jft,cpt,1
gxx,rrz,1
gsh,fvk,1
fpg,zsk,1
lxr,bpt,1
rjc,hnr,1
qzx,bhv,1
lpk,msr,1
jxv,xcn,1
fqt,tzh,1
tpc,ssf,1
tzh,mmg,1
rcn,qff,1
ssm,lrh,1
llq,hfl,1
jpp,sqn,1
rsm,cjd,1
txb,nrb,1
hfl,tmf,1
bqx,fpg,1
qph,hpn,1
scp,zbz,1
tjc,bcz,1
xdc,bmx,1
sjp,crf,1
ldm,tgm,1
gjc,zsd,1
pzq,lzr,1
xpr,hpn,1
zrf,vzr,1
shf,jsc,1
brl,glz,1
fzj,dcs,1
fqz,fxg,1
jdq,nnf,1
zsx,gfp,1
rbc,hps,1
vqv,dzb,1
vjq,hnt,1
dhq,nsp,1
dzq,rbj,1
zkc,qpj,1
kjf,rmj,1
zqt,hfv,1
bcp,rsq,1
msg,flk,1
mmz,vpx,1
jsc,nvf,1
vfd,sdv,1
fqm,hxt,1
xtq,grj,1
tpj,plm,1
hhh,vxb,1
grt,hhq,1
sqd,tzn,1
mgj,mvn,1
bvb,llg,1
rsv,fvt,1
jfp,ppk,1
ngz,vhf,1
nzz,fbg,1
stm,pcj,1
bbm,kkx,1
dkc,skl,1
cmz,pzq,1
ncd,slg,1
hqr,frq,1
hfv,jls,1
rkh,rgm,1
mhn,rnj,1
ncd,bdj,1
njv,skl,1
hgn,gqd,1
jnk,bqh,1
xmm,ttc,1
mpp,gdd,1
qxz,hmh,1
pkj,gsn,1
hll,nfg,1
zxb,jcv,1
ndh,chm,1
kqh,mhg,1
fdf,jrz,1
vtl,crm,1
zhr,dfg,1
mgj,rlj,1
vjj,rch,1
vxt,ldg,1
lqv,hjn,1
vqv,nbn,1
xtt,bld,1
ggj,rjp,1
flg,lph,1
dfk,rrz,1
zcf,flx,1
thh,zvq,1
mfk,jxj,1
ncv,tzb,1
mrc,dkm,1
hnd,xtk,1
tkx,rzr,1
nkx,bks,1
rqv,vrc,1
trs,ttv,1
bcz,kfz,1
pfm,kzb,1
cjg,ljg,1
hqr,dvb,1
qlm,cph,1
tkr,fjq,1
vst,rlp,1
zvp,lqk,1
cqm,fvf,1
lrb,pbp,1
gfp,jbv,1
fcg,lkl,1
xfc,xrb,1
nqk,fzq,1
bkp,xtq,1
lqd,cmr,1
vqt,cbf,1
qqs,vpm,1
dlp,jrs,1
rqv,qzc,1
lff,rnm,1
gfc,lbq,1
pnf,psr,1
hvh,llp,1
qxb,gnk,1
kxb,mzf,1
dqx,ksf,1
nnz,zhn,1
cnf,hjr,1
ntn,qzx,1
gkd,njg,1
jxj,ppk,1
pzs,vjq,1
cnr,mjs,1
gnk,tsl,1
qkl,pcj,1
hxc,ntn,1
txb,fjq,1
lqb,cmm,1
nmv,jtf,1
dnt,qkx,1
rzr,kbp,1
xfm,nhg,1
nkg,czr,1
brl,hnb,1
qkr,pkj,1
jtr,sqr,1
tkx,nkf,1
dnr,zhz,1
cmm,xpr,1
frq,zzb,1
mhf,ngb,1
tmb,lcs,1
dfv,pbs,1
lmk,qhq,1
tmh,tpr,1
kds,fsg,1
qks,ncj,1
bcq,czr,1
xtm,rrp,1
flq,fhb,1
fnm,rxs,1
ffj,tck,1
ljj,rbs,1
xkr,bqx,1
drm,pxc,1
lpk,vcj,1
pkx,kqp,1
hqh,plr,1
qcd,dhj,1
pql,xth,1
fjc,rcg,1
tqd,zhn,1
zjx,rbf,1
zxp,tqn,1
drl,mzr,1
pqm,xjr,1
ghx,brl,1
dqm,ldm,1
dbz,cmt,1
dcx,ffj,1
tkm,plp,1
zhn,qvm,1
cvj,rnj,1
lcs,hdc,1
zzv,grj,1
vxb,kjh,1
cdg,jfq,1
ghk,ddm,1
vqz,ncl,1
jrs,qnl,1
lsp,chn,1
zcv,kmh,1
bqd,kvb,1
dvb,szs,1
bpb,bds,1
qlp,fvt,1
rrg,glp,1
nnp,pts,1
knd,qpv,1
kpv,xzn,1
kbs,cmt,1
xqs,dkd,1
jpg,nfl,1
pkc,bdj,1
rrx,cjs,1
xgt,cmr,1
qzs,hjn,1
nln,fhb,1
hfv,lqm,1
bss,vfq,1
snf,vkl,1
qsx,blc,1
ldb,nhg,1
chc,jbq,1
nzz,vmr,1
dkd,sdk,1
ddt,glx,1
fhl,mjq,1
mfc,zfk,1
mjj,vzz,1
bkp,npf,1
zmx,kqk,1
pct,tff,1
xbh,nlh,1
hjz,tgt,1
vhg,cgx,1
dzx,bbz,1
ngr,gsk,1
vng,fjc,1
pfc,fxf,1
jrq,cjs,1
qdx,bps,1
pfp,qkr,1
qzc,jqj,1
qvs,hbs,1
hfb,msr,1
qbz,cmz,1
hdx,glp,1
kds,rvk,1
lhs,vgd,1
gfc,fnq,1
gqc,vsl,1
pgr,psb,1
npm,njq,1
xjx,tff,1
frr,pxd,1
bpb,khd,1
dfv,vqb,1
nnv,rsv,1
zcf,dxb,1
dxr,skl,1
fxq,qmp,1
tvv,dcs,1
nvd,nmx,1
mrc,smf,1
qff,crf,1
trs,hxj,1
rrl,szk,1
snj,qlv,1
vmb,pql,1
vpg,bct,1
pts,dtb,1
gxx,xgm,1
chm,jtm,1
lhp,hzc,1
flg,xcd,1
hbk,pkc,1
hzk,vdz,1
rlr,rbs,1
cmt,bpq,1
xcx,hsb,1
vst,jkb,1
kfc,dgz,1
znr,jjb,1
vsq,hcd,1
qsx,dlg,1
pqp,cdz,1
cgt,rnn,1
kkg,gbm,1
ncv,zqp,1
dxb,lxx,1
dtm,gcn,1
nls,mzg,1
tmf,kxx,1
ckj,kvl,1
qhr,xqt,1
hgz,hdv,1
ddt,csc,1
hvh,flb,1
gcg,vsl,1
xcx,scd,1
smf,tts,1
zqk,lxg,1
hfn,fbg,1
dlb,mqm,1
ngn,bgl,1
cmq,bqd,1
vsg,lrh,1
cmz,zkv,1
npm,bql,1
rkq,bdm,1
jgz,smv,1
shl,hbs,1
mfk,rlj,1
tmb,vxz,1
lfz,ght,1
pnx,jkx,1
tzj,prt,1
hcf,lrt,1
lpn,rpp,1
tgl,pfc,1
qlx,kbp,1
bkt,dpf,1
pkx,fdf,1
kpd,fdn,1
crm,pmp,1
gpd,hcd,1
rzr,hfs,1
lqp,tck,1
rjm,pnx,1
trj,fxg,1
dfv,djh,1
dnt,vql,1
fsg,dhj,1
tbb,zfs,1
bhx,bzb,1
bvv,ttv,1
dlk,smv,1
msp,pfc,1
qjv,lvh,1
vmt,tzb,1
sck,spj,1
ngn,dsz,1
dmh,hhq,1
kkm,kxp,1
grt,skt,1
bfx,kzm,1
fdf,ztc,1
xrm,gbm,1
vkp,fhl,1
zqk,fcg,1
krs,mkl,1
tdg,nxn,1
chc,xzz,1
dfd,vkl,1
dsz,kfz,1
sgp,pqk,1
vlk,pjs,1
srn,tkk,1
czz,ght,1
stt,lvs,1
pfj,ltd,1
grf,vbn,1
rdc,psr,1
hps,zfm,1
brp,hlm,1
blt,lkp,1
jnf,rpp,1
rnm,lpg,1
cqx,hlv,1
gqd,bct,1
xcb,rnm,1
xbk,xhn,1
gdd,ccz,1
rjc,cgv,1
nkf,jjf,1
jhh,zbz,1
txg,cnn,1
jdp,vbc,1
cjk,gjq,1
ntt,gbr,1
tkx,zks,1
gzc,ztz,1
rnk,dfk,1
blf,kmc,1
ghx,vgq,1
xrk,pkm,1
gpn,csp,1
gsh,rqk,1
pnh,rcg,1
kmz,xrc,1
sqd,qhr,1
fqm,jbv,1
rnq,rhp,1
fjf,drb,1
lcv,fnl,1
kzg,pfn,1
jln,rlx,1
sjb,bhx,1
zsx,lbf,1
lxq,nrz,1
kkg,xff,1
fpr,xff,1
scd,jgk,1
hnz,lqz,1
nff,gqb,1
hdh,tpg,1
hzk,shl,1
pzs,xsl,1
tmd,hfn,1
kxb,gkc,1
pgt,bbg,1
zgc,flk,1
rhp,tdd,1
vmp,jqj,1
cmg,nfl,1
rjc,mjj,1
pnz,zpm,1
bht,gpd,1
kdx,gsr,1
tck,qpr,1
tqf,stx,1
cjg,drp,1
cnr,lff,1
htj,mtd,1
drp,kqk,1
nrr,lcj,1
xxg,nnf,1
knh,vdx,1
nmg,mld,1
jtv,vfq,1
pfp,cgv,1
pjh,tmm,1
mhj,htj,1
npm,fcv,1
stn,dlb,1
ncs,dkj,1
jrs,pgg,1
hpd,tch,1
xfc,tkr,1
ltv,cpb,1
lxg,mfq,1
rdc,kpd,1
prj,frl,1
vcv,lfk,1
tlh,mrg,1
zhr,ltd,1
mdv,mng,1
svx,rpq,1
bmx,jzb,1
mrg,dph,1
bvx,nxp,1
cmq,hbs,1
nkz,fvp,1
gbg,psb,1
grt,sqj,1
rvl,ltv,1
sth,jln,1
fhh,jxb,1
tsj,vsq,1
pfs,gnq,1
lhn,nlx,1
rrl,dfr,1
pjl,lqp,1
vhm,rmj,1
fvf,mvp,1
tmd,qjk,1
hnz,hdt,1
mbh,fbg,1
xff,rch,1
clb,rnj,1
sjb,mgh,1
dkd,ctv,1
kjk,mfq,1
shd,ldg,1
kjk,cfx,1
fzj,hjn,1
dcx,hfx,1
zlv,szs,1
tmh,zrs,1
jpg,qlv,1
mdv,kkx,1
nkf,jxd,1
kmc,xxf,1
vhg,brc,1
nmp,dlb,1
kbm,jhb,1
xxf,zgf,1
phx,zkh,1
smb,fmf,1
bzq,knh,1
slg,msg,1
hlg,sbb,1
mhj,pgt,1
ztc,ctp,1
bmp,xhh,1
mqh,kzm,1
qlx,kng,1
htj,tgd,1
zvq,kbp,1
jdq,bpp,1
nmx,fcb,1
pxr,gbq,1
hgn,mbh,1
hlg,pfj,1
xqt,ddx,1
lnf,lfk,1
hgf,jtm,1
zkc,xlf,1
cvb,ckq,1
nnf,dph,1
dcm,bzb,1
kjz,gqb,1
tdz,msn,1
gvs,qqj,1
mhc,nzh,1
gcl,jxc,1
rqv,mff,1
ftk,jts,1
ttx,chn,1
lqq,zhx,1
stm,zvq,1
njg,vdx,1
zqm,kvk,1
fjs,kmk,1
gvb,lcp,1
rsx,zkh,1
bks,rlj,1
grf,dvm,1
lpk,vnk,1
lrb,mrh,1
jvj,hhq,1
mgr,nrt,1
rsx,cmj,1
rjd,cjs,1
ccg,ldm,1
tmf,gdb,1
kzg,llt,1
lsp,cbf,1
tqd,xft,1
txk,srt,1
jts,jfq,1
tpj,vrt,1
zbp,czq,1
qss,bcd,1
bzh,fnl,1
fmb,pmp,1
zhm,bcq,1
xxb,ncj,1
lss,vsb,1
jgz,kxl,1
fqm,dlh,1
zcx,hrz,1
nkf,mdp,1
szr,dlh,1
fhv,zhz,1
fnl,qmp,1
ntt,qsl,1
vxb,mrh,1
vtr,gfj,1
dlq,vql,1
hjv,nbn,1
fsk,fdr,1
msp,qkx,1
gfp,jxk,1
tdz,frn,1
cpn,skq,1
rrl,zgf,1
dcm,rgm,1
vdx,qrp,1
csl,msr,1
vfd,hfx,1
blf,bps,1
cjd,vrb,1
lhp,svx,1
ndh,cjk,1
gvx,gpg,1
fjm,pqf,1
dhs,dzv,1
jzx,nlh,1
cst,cgz,1
dkm,vnb,1
rnh,mhg,1
kfc,qlv,1
qcd,dkb,1
fhn,xmn,1
plb,gxx,1
bss,xfc,1
mkl,pgt,1
rbh,fsh,1
cns,kdm,1
bpb,ssm,1
tms,ksf,1
bbs,tlt,1
jrq,nrz,1
rdj,cln,1
vdv,krs,1
zfq,ckq,1
jzx,hcf,1
mgr,bbg,1
bxh,xjq,1
vst,qvr,1
vxt,sjk,1
tdz,jdq,1
fjf,mzg,1
sdv,gbm,1
hfv,jds,1
zsq,tgm,1
pfj,hxc,1
mhq,bks,1
qfs,zmt,1
gfd,ncs,1
hll,hdz,1
xqv,hqf,1
hnt,rgd,1
dgz,mzr,1
lbx,jqj,1
fhh,tpb,1
msg,kgs,1
nrz,cpt,1
khd,jbq,1
qdx,gkn,1
jtv,sfm,1
kds,tlh,1
qzc,fqn,1
jfd,nzs,1
sbq,gtn,1
nkz,fxg,1
cjk,xgm,1
snj,szg,1
lgn,cvj,1
mbm,cvv,1
scp,zkh,1
rst,tbp,1
rgz,cmr,1
nls,lxr,1
drp,nsp,1
plm,tkk,1
xcx,nzf,1
mll,dvm,1
rhp,jln,1
vrq,hcd,1
mph,ddk,1
xth,zpm,1
kjd,ncl,1
jvn,dds,1
shc,rlp,1
qxh,rgz,1
qxr,kkz,1
mqh,rsm,1
cnk,vvt,1
npq,bct,1
vgs,xtz,1
fjs,vqb,1
tkk,rsk,1
vgd,lsx,1
jls,pfs,1
txb,qdz,1
xxb,znl,1
plm,fjm,1
dxr,zkv,1
pbf,prp,1
cmt,kbp,1
zxb,jqj,1
tct,cgz,1
vkl,kvk,1
rqv,vph,1
gmg,fqt,1
cvq,vfk,1
bck,pct,1
jds,hnj,1
srt,hdv,1
ssb,grj,1
pbf,tmm,1
lsp,mpp,1
gkc,pkm,1
vbz,tff,1
lbf,sjp,1
pdj,jgk,1
lcc,lrt,1
pmt,zhx,1
kfh,rcg,1
kpv,zsq,1
hpd,zks,1
dmr,hzm,1
dgx,bsk,1
mqq,lxg,1
prp,hfp,1
fkn,lvb,1
ngz,cfg,1
vqt,fkn,1
ctv,fsp,1
jft,rxv,1
rdj,ttc,1
msv,njc,1
kbr,nfg,1
mrc,zhd,1
tsl,glp,1
vkx,kjf,1
glx,gdj,1
bbm,zcs,1
vtb,qvm,1
hvx,hkh,1
lgn,zlk,1
nvh,bvd,1
nqk,sfm,1
qkm,bcd,1
vph,cjk,1
mnd,rrg,1
zjv,brx,1
rjc,bpq,1
ngz,hdz,1
njg,pcj,1
chn,vlk,1
tvd,ggx,1
gkc,dtn,1
hqr,ssg,1
hck,hsb,1
qpj,ttf,1
xkr,pgt,1
xfr,ntn,1
hsb,hzt,1
zxb,hhq,1
lqb,rlx,1
xjp,pjl,1
dbz,zqm,1
rqm,vhg,1
sfb,dxc,1
jtr,hfs,1
llg,gdd,1
ghk,ndp,1
rnq,gmx,1