zkc,xjx,1
vph,bkd,1
fjf,drb,1
mrc,zhd,1
sth,jln,1
prm,nlv,1
tpr,jfl,1
ksx,zlp,1
gfd,gpv,1
cmr,bch,1
ncv,zqp,1
thp,bds,1
hdt,tmf,1
ndh,cjk,1
vdt,hhj,1
cnf,cfx,1
vrt,cst,1
bsl,vxk,1
xkk,jxv,1
fsk,zpz,1
vrs,cnh,1
ssm,lrh,1
brc,szg,1
scp,zkh,1
zcv,vrq,1
lqd,msp,1
hps,zfm,1
xpq,kkm,1
kjk,qqq,1
nfg,brx,1
dfv,xxb,1
msp,ptl,1
sdv,gbm,1
qhk,kvl,1
ftf,kqp,1
vqz,ncl,1
cnc,kfz,1
jph,bkh,1
csp,rht,1
pzs,xsl,1
vzz,plr,1
zbp,czq,1
bss,xfc,1
vqt,nlh,1
rlr,qdv,1
vfk,pgg,1
mph,ddk,1
jgb,ptv,1
qck,qct,1
pnz,zpm,1
fcv,sck,1
dbs,xfr,1
hfb,msr,1
plr,zlf,1
kpx,hkm,1
ztc,ctp,1
stm,vnb,1
grt,skt,1
rxv,pgk,1
lvh,tmm,1
khd,jbq,1
sdr,bbk,1
msv,njc,1
llt,cqv,1
kzm,msp,1
kpv,zsq,1
lbf,gqd,1
tkm,vjc,1
tdg,cvb,1
jgp,rkq,1
hdc,qfr,1
rgz,cmr,1
tkm,xkk,1
fcv,sfg,1
rng,zhg,1
hgf,jtm,1
fcl,ftk,1
hnz,lqz,1
mfk,vsl,1
rgz,qkx,1
bck,qrp,1
ljj,cst,1
bpc,pbs,1
shl,dxt,1
gbj,zcv,1
qtg,rmg,1
brl,glz,1
xff,rch,1
fjc,rcg,1
dtm,gcn,1
vlc,cqj,1
hgn,grf,1
rbc,hps,1
hvh,xvt,1
qbj,jkm,1
pmf,dml,1
shf,jsc,1
cph,grc,1
xfr,ntn,1
rrl,dfr,1
rng,mcg,1
bgl,lfz,1
mvl,xqr,1
xqs,dkd,1
nkf,lgd,1
mzf,nks,1
vjq,dlk,1
lvs,ggj,1
lff,rnm,1
xbk,qhq,1
qdx,hgf,1
dzq,ftk,1
drb,hbs,1
cqv,xtk,1
krp,jvn,1
srt,zgh,1
ngz,vhf,1
cmz,pzq,1
fqp,dfd,1
fvm,hds,1
xzn,rbg,1
hzk,dcm,1
mcn,zsg,1
skl,ghh,1
qkr,cgz,1
sgp,pqk,1
dzx,jts,1
nmp,htj,1
rdb,cdg,1
shx,mrh,1
mzf,zhr,1
gnk,tsl,1
cpn,skq,1
bxh,xjq,1
xrm,lqh,1
jph,zbm,1
cqm,fvf,1
nnk,hss,1
mll,dvm,1
xcb,rnm,1
qss,bpm,1
xrc,lrm,1
gvs,mzr,1
kkx,rsk,1
qsb,fjq,1
dbz,rht,1
vql,hfq,1
mrj,hsx,1
jxf,xrc,1
fzj,ndp,1
hlg,vmb,1
bqd,kvb,1
gkd,xmb,1
ckq,jxc,1
pfj,nlg,1
bgl,njv,1
kgj,bbz,1
tbv,rth,1
sbb,lmf,1
cjk,xgm,1
fsg,dhj,1
tkl,flp,1
kcr,qhl,1
cjc,slg,1
tqc,brx,1
rbj,krx,1
lbf,sjp,1
rqm,vhg,1
plm,tkk,1
dfv,vqb,1
hxc,gkc,1
ttx,zsl,1
zvm,ggc,1
vsl,skq,1
mpn,qzn,1
zcf,gpv,1
bsh,mll,1
dxr,zkv,1
ksd,jbq,1
tpc,ssf,1
mqv,bqh,1
ccg,zlp,1
qdz,xlv,1
xrk,jnf,1
hfq,vdz,1
zqk,lxg,1
cxn,zlv,1
fkx,qxh,1
ghk,dxc,1
lvt,bqs,1
ltv,cpb,1
lvs,xpx,1
snj,szg,1
hvx,sqz,1
lbx,qhs,1
vrx,rsq,1
xzn,kmk,1
cgt,dtn,1
lqd,cmr,1
vgq,lbc,1
frn,lss,1
hgp,stx,1
hxj,jzc,1
xjr,rpx,1
rjm,zbm,1
vcv,lfk,1
gdd,ccz,1
xqv,hhh,1
rnk,dfr,1
chc,jbq,1
tzb,sqp,1
fzp,kqk,1
skt,ddx,1
xvt,lpg,1
gsn,cgz,1
txx,rdb,1
lgn,cvj,1
xtq,qpv,1
sqd,tzn,1
crm,pmp,1
mfk,rlj,1
txs,jnk,1
sgp,pts,1
xxg,krx,1
cdd,ncv,1
tsj,vsq,1
lcc,fdd,1
tmh,gzc,1
xzn,csl,1
sbp,rcd,1
ltv,gsn,1
dkg,xzl,1
jdp,dbl,1
ldt,lnr,1
rkh,bkh,1
vst,rlp,1
zhn,rmc,1
snj,vrt,1
fhn,nsr,1
hqh,plr,1
vdv,tff,1
bln,jfm,1
lzp,csc,1
jth,drb,1
npm,fcv,1
vjc,rht,1
bhc,bdm,1
drm,pxc,1
ptl,snq,1
vpg,bct,1
bss,qkl,1
bkh,zgh,1
gtj,ttv,1
bcd,cln,1
frr,nrr,1
gzc,jzx,1
bcp,sdh,1
thp,clb,1
xrc,cph,1
jhb,clb,1
bxp,lzp,1
zqm,kvk,1
hfn,fbg,1
zcv,kmh,1
mnh,lqk,1
bbm,kkx,1
smf,tts,1
lhs,cvl,1
vrq,hcd,1
dqm,ldl,1
dhs,gnk,1
vjj,zks,1
thp,nlg,1
sdv,mjs,1
stt,lvs,1
jss,mbn,1
pbr,ntd,1
kft,vkp,1
vtb,qvm,1
pjh,tmm,1
vng,ktr,1
tbn,prd,1
cvb,kqk,1
kfc,vmp,1
nkf,mdp,1
fkh,fvt,1
lhf,lsx,1
bzh,fnl,1
ldm,tgm,1
lpk,msr,1
kbm,szp,1
nnf,dph,1
mhg,cvb,1
rsv,fvt,1
qvt,sdr,1
tgl,cnz,1
cvj,ndp,1
rnh,ssb,1
mqh,rsm,1
kfh,nrz,1
jnf,pfc,1
hgp,zjv,1
mgh,dpf,1
vkx,kjf,1
zfq,cps,1
lqb,xmb,1
fvk,fpr,1
qbj,qrp,1
zlk,bpp,1
mcn,xrm,1
mhq,bks,1
nxn,cst,1
ftk,jts,1
nmv,fsg,1
qjz,flq,1
pdn,shx,1
slc,jss,1
rbq,rhz,1
hcf,lrt,1
cxc,dhj,1
lhf,qqq,1
xcd,zgl,1
qbz,zgg,1
zvf,lrh,1
cvm,pxh,1
cnk,phx,1
fhm,fcl,1
qxr,fqt,1
xbh,fph,1
krx,vsl,1
jds,jkm,1
hvh,bbs,1
dxr,pfs,1
rkq,ddx,1
ljj,dkc,1
rdb,hdh,1
hgz,mzg,1
hpd,zks,1
msg,kgs,1
bds,msr,1
cvq,fqr,1
vjd,qxz,1
vfk,cmm,1
cqj,jkb,1
vlk,pjs,1
vzc,kgs,1
xqs,qvr,1
hfh,rqk,1
dqc,lpg,1
hbg,nkg,1
dkd,sdk,1
mfc,qnm,1
tmd,hfn,1
vkb,mbt,1
nvh,kxx,1
vlc,xtm,1
sxq,vrt,1
znr,rsr,1
pxd,rrz,1
bmr,bld,1
vmb,pjs,1
txb,nrb,1
pzs,nlv,1
hjz,tgt,1
vrc,flq,1
vdx,qrp,1
pqp,qvg,1
fkn,lvb,1
nmb,vhg,1
txk,srt,1
mkl,tkt,1
pts,dtb,1
fhl,ksd,1
gvb,lcp,1
vks,ndp,1
hfs,lcj,1
fqp,mng,1
ngn,bnp,1
zhm,lbz,1
fvk,brx,1
zgc,flk,1
zxb,prl,1
sxq,tns,1
jrq,vqm,1
hjz,fnm,1
hxq,jfd,1
znl,gtn,1
fnm,rxs,1
kll,lbc,1
npg,smb,1
gjc,qsv,1
hnr,hfx,1
qpr,mjs,1
brp,xpk,1
svt,kgq,1
gcl,jxc,1
kds,fsg,1
qpz,qnl,1
qph,ddh,1
dgx,shf,1
pgr,psb,1
rkh,rnn,1
tts,bcd,1
kjf,pbf,1
vks,lnt,1
hnt,rgd,1
mvt,pbr,1
rgh,bld,1
dbz,lcp,1
fjc,lbb,1
rdc,qtm,1
gcn,bsk,1
dtn,zzb,1
mdp,rbq,1
jfp,klv,1
kqh,lmk,1
rlm,qvm,1
xxg,nnf,1
llq,hfl,1
skh,rvq,1
lvp,knd,1
cnl,zcs,1
pfm,kzb,1
kbr,nfg,1
zjv,brx,1
jnk,njc,1
cst,vjj,1
hbg,rbg,1
nks,fdd,1
bqx,gsk,1
nvh,bvd,1
rdc,kpd,1
sjb,bhx,1
rdj,ttc,1
stx,pds,1
rvl,ltv,1
rjc,bpq,1
rsx,tzn,1
drb,fmf,1
dnt,vql,1
tmd,dnb,1
vzc,xlv,1
ztc,mmd,1
qng,sdr,1
fdf,ztc,1
qvt,jpt,1
flq,fhb,1
rrl,zgf,1
kpx,tkg,1
fzj,dcs,1
bhc,gjq,1
mrg,ftk,1
bjl,pqk,1
chm,jtm,1
zhm,tvd,1
qjk,jpq,1
rmg,nzs,1
zkg,nml,1
vhf,qmp,1
dkc,ssf,1
tzn,khh,1
nln,fhb,1
cdg,rjp,1
xjq,kkm,1
mhf,vrx,1
cxn,tpg,1
zvz,tlm,1
mhj,htj,1
kqj,mrh,1
mhp,dtb,1
jhr,kvl,1
hkm,hfl,1
kds,gxq,1
slg,msg,1
qnm,qjz,1
ttf,lcj,1
mhc,vzr,1
gph,bks,1
jrq,jcv,1
vdv,zlb,1
pnh,rcg,1
rzr,kbp,1
nmx,fcb,1
lnr,qzx,1
fdz,kgq,1
zjv,gxx,1
ncv,jls,1
rqv,rmm,1
cnf,hjr,1
cmt,bpq,1
vbc,jsc,1
pbf,prp,1
zjx,ksz,1
szr,mhn,1
hgf,fbj,1
rcp,zqp,1
xdc,dhj,1
jrm,tsj,1
vks,szs,1
pnf,gpd,1
tpb,gnq,1
kzg,pfn,1
vtq,sbg,1
pmt,sbb,1
fkl,zpm,1
kvr,xrl,1
sjk,qdv,1
xjq,nbx,1
nln,rvv,1
rvm,jjb,1
sqx,gdj,1
frn,hht,1
tts,vvg,1
jvm,ntn,1
txp,vvg,1
skd,ngj,1
bvb,tbp,1
vxb,mrh,1
dxm,vfq,1
qhk,qdb,1
mrj,lxx,1
ghv,nxp,1
jph,ntt,1
fkx,jss,1
bvv,qrf,1
zgg,tmj,1
srn,tkk,1
prj,frl,1
rth,rpp,1
ztc,fkf,1
nxk,dfk,1
llp,bbg,1
tbv,lsx,1
pnb,bfh,1
tmh,chn,1
xjp,nxp,1
trs,qsl,1
ztz,gdh,1
bvb,llg,1
lqv,kcg,1
nmr,bjh,1
gqm,gkv,1
dbs,hzm,1
nql,thp,1
qpz,nlx,1
tlh,gkc,1
gbm,fdn,1
klv,pkm,1
xqs,kkz,1
mjj,prd,1
zcx,nrt,1
jth,ksd,1
kxl,hfp,1
lkl,kkz,1
bsl,zsk,1
lqd,ddm,1
khm,llp,1
tck,jln,1
dlp,zgf,1
hnx,nbx,1
njv,cps,1
lsp,mpp,1
qss,sfm,1
pfn,lvf,1
btk,vvt,1
lpk,vcj,1
jhh,rlv,1
zcf,vrb,1
qkm,zcs,1
vmg,rjm,1
gfd,frn,1
tvd,sgp,1
qpj,ttf,1
vqt,hff,1
qdx,txp,1
msp,hff,1
hmh,kst,1
zzj,khd,1
zcf,dxb,1
ghs,zrs,1
vxk,qxm,1
rbq,glz,1
lss,vsb,1
cnk,vvt,1
tlt,msg,1
cvj,ksx,1
mcc,zlk,1
kpd,fdn,1
vkl,nln,1
qlv,vdx,1
zrq,rcp,1
qkl,pcj,1
bsh,ndp,1
lhf,mpq,1
tdd,lfg,1
bvv,ttv,1
dlp,jrs,1
vmt,tzb,1
fvv,zrh,1
blf,kmc,1
cqm,lqq,1
lxr,npv,1
mrg,ckt,1
qhm,fcl,1
llc,vhz,1
jhx,vcv,1
zgl,fsh,1
dzx,bbz,1
cqx,prm,1
nmv,jtf,1
njg,jxc,1
xvf,rsq,1
grt,hhq,1
cxc,sms,1
zhn,qvm,1
pkj,gsn,1
drl,mzr,1
ksx,xpz,1
cgt,sqn,1
tlq,vxm,1
pqf,gpg,1
rrl,kbs,1
lgg,tdv,1
mpp,gdd,1
lvp,tzn,1
zqm,gbl,1
gdd,vdz,1
pfn,nlv,1
zbp,xtk,1
bxh,zgp,1
cpb,rpn,1
hmx,fdd,1
sqd,qhr,1
ddk,nbn,1
kll,ffs,1
cpn,hgz,1
hvh,fpr,1
bmp,qtg,1
ndh,cjg,1
tbp,xct,1
jgb,kpt,1
bkp,lcf,1
bql,jkg,1
chc,hbs,1
knh,vfq,1
jks,szp,1
ldb,jrz,1
nrz,cpt,1
cgv,tzc,1
rqv,vph,1
glx,gdj,1
gbf,dcs,1
kjd,ncl,1
qjv,zdk,1
ldl,fpg,1
jnk,spg,1
zvf,mcc,1
tsl,glp,1
rkh,rgm,1
hpd,gnk,1
lhn,qtm,1
gqb,dhq,1
xmx,rpp,1
dlb,hdz,1
vbz,bnp,1
zqt,kjh,1
cmq,ckt,1
tdz,nzf,1
kjz,gqb,1
jrq,nrz,1
fjm,pqf,1
xcb,zsk,1
skm,jsc,1
xcx,nzf,1
kvb,ssg,1
kkg,ggc,1
dxm,vjc,1
stn,xrb,1
cjx,zlp,1
stm,zks,1
xqt,xhn,1
mvl,zlp,1
nnp,pts,1
krx,mvp,1
rdj,qkc,1
bqx,kbs,1
vks,nnk,1
cmz,zkv,1
pbv,pxd,1
gtj,zlk,1
bxp,qck,1
pql,xth,1
phx,zkh,1
vxm,rcd,1
bss,jtd,1
cmz,bql,1
zrf,kvv,1
rnk,dfk,1
jrm,kfh,1
qpz,jjf,1
sjp,crf,1
sxq,kvk,1
fqq,qhs,1
xhz,czq,1
vfk,glz,1
njn,lbb,1
gph,dph,1
dzq,rsm,1
npq,xtt,1
dbz,dlp,1
trr,cpb,1
bpc,jjb,1
dvm,pkm,1
prp,zsl,1
thd,dkc,1
lvj,vsl,1
dxm,nll,1
gtj,hkh,1
zvl,vmv,1
fcx,bhx,1
jhr,grx,1
dxb,rbg,1
jxv,rsk,1
nkz,fvp,1
jhr,kbm,1
svt,cln,1
lbz,bkt,1
pxr,fsh,1
mll,hlv,1
bvx,skh,1
znr,fvp,1
bhc,lbb,1
chm,kqj,1
mcg,cxc,1
nsr,xcd,1
qdz,qpj,1
xfr,sfh,1
rvl,mmk,1
xhh,jfq,1
mmd,zpm,1
cnc,ttc,1
mnn,xfn,1
vsg,lrh,1
lcm,cxx,1
tsj,cmj,1
nmb,rrl,1
fvf,nlh,1
bcd,ddh,1
hff,szp,1
stt,jnm,1
dkm,gpd,1
vsb,ctv,1
rkv,xtb,1
gft,cns,1
hxc,hfq,1
zgc,nvm,1
fnm,sqp,1
qmh,sgp,1
kcr,tkt,1
jtg,xgv,1
hdh,tpg,1
jjf,lbc,1
chc,jts,1
hjs,nqc,1
lxr,bpt,1
mvt,dph,1
vsv,krx,1
gbj,nqk,1
dlg,tgd,1
cgt,rnn,1
ljr,tmf,1
drp,kqk,1
lnr,kst,1
xrk,pkm,1
mbp,bpp,1
szr,bkt,1
msp,pfc,1
hbk,xrb,1
qqs,bvv,1
tpb,rxv,1
hxq,dpf,1
ngz,bff,1
bzq,zmt,1
dxm,ttc,1
mqq,lxg,1
tmd,qjk,1
dqx,ksf,1
bxp,xjq,1
clb,tzh,1
bvx,qhz,1
stx,bfj,1
hdk,cln,1
dmr,zbp,1
tzj,prt,1
xpx,vmv,1
hbx,tns,1
zcx,hrz,1
ljj,rbs,1
zcx,sfm,1
tlh,mrg,1
vkx,qhk,1
zfs,vxb,1
dgx,bsk,1
lhs,frq,1
hjs,prf,1
xxm,xpk,1
mvt,cvm,1
xbk,btv,1
kxb,rgm,1
ngr,rxs,1
crf,hss,1
thr,gbg,1
nmx,mmg,1
vrs,mgr,1
qqj,zqp,1
khm,jsn,1
dgz,mzr,1
dkm,vzz,1
sqz,ckj,1
kgm,zkv,1
cqv,pdj,1
gkc,dtn,1
hpd,tch,1
gbj,lcj,1
jvn,zbz,1
jxf,fpl,1
nnk,skq,1
rdb,sdk,1
mfq,lqz,1
bbs,tlt,1
tpr,sgb,1
vpg,kmk,1
krs,mkl,1
qhz,prd,1
svz,qfv,1
vmb,xxm,1
hnd,lqk,1
kkq,fsg,1
tmh,zrs,1
sfk,nsg,1
rbc,qqj,1
hjv,cnh,1
rrx,cjs,1
fkh,qtz,1
rks,mph,1
zcs,flp,1
kds,rvk,1
ghx,brl,1
jpq,sms,1
ntt,gbr,1
thd,jdn,1
cnr,lff,1
jvj,xrn,1
xjq,rgd,1
jnm,dpf,1
ltd,hjm,1
bxs,hsx,1
xkr,bql,1
tqf,rpn,1
nqk,ngr,1
lpk,pql,1
fxs,qfr,1
kkm,nkx,1
lbz,hxj,1
qtg,zsl,1
vjj,rch,1
xqv,jbj,1
fqz,fxg,1
zvq,kbp,1
mhj,pgt,1
dvb,qvr,1
srn,rlv,1
xtm,lxg,1
dbz,cmt,1
zrh,cps,1
vkl,cns,1
bqx,rjd,1
hlg,sbb,1
fqz,lss,1
dmr,hzm,1
lcm,pcv,1
dcx,hhh,1
kmc,xxf,1
hdt,lqg,1
vxt,sjk,1
jrs,pgg,1
rlr,rbs,1
zhg,zvp,1
ncs,dkj,1
gcg,lss,1
cqm,qhk,1
kpv,zbp,1
zkg,ncj,1
tdg,nxn,1
pnf,bmz,1
gcx,jsn,1
ncx,mnh,1
jdq,nnf,1
mrc,smf,1
vfs,jfd,1
lfz,ght,1
lvs,bzm,1
shc,rlp,1
lqv,cnz,1
jvj,hhq,1
gql,jks,1
ccg,ldm,1
drm,pvd,1
jnf,rpp,1
xmx,jxk,1
smm,vbh,1
bqd,rsv,1
vcj,qgn,1
rqv,psr,1
jxs,ldt,1
qxb,cns,1
cvv,lkp,1
kgj,qkx,1
ldg,sqr,1
qcd,dhj,1
nql,mnh,1
vfd,jvd,1
cxn,ncx,1
vrs,lgd,1
lqb,btk,1
hdc,fqj,1
gzc,ztz,1
kvr,prt,1
gfc,qvg,1
qmh,llq,1
kds,gcg,1
dmh,hhq,1
xth,zpm,1
bzm,rlj,1
kft,jpq,1
nqc,ppc,1
gcg,hgz,1
kll,jtd,1
qvx,bps,1
vrs,zgr,1
bkf,llc,1
lqk,mbt,1
szr,dlh,1
qzs,rpm,1
bzb,tlm,1
bcp,lrt,1
mjj,vzz,1
rst,tbp,1
tct,cgz,1
qzs,vqz,1
fdz,btk,1
mbm,lnt,1
zjx,rbf,1
dcs,vfs,1
grx,nbx,1
gkn,hnj,1
pbf,tmm,1
qqs,jrz,1
lpn,bct,1
fhh,fhb,1
dkj,fph,1
lnf,jxj,1
vmt,xmb,1
xcs,rvq,1
ngz,hdz,1
nkg,qck,1
cqz,rsr,1
rbq,czz,1
gmg,fcx,1
bvd,bpt,1
qcd,zpz,1
bln,vpm,1
nvd,prj,1
nxk,hzt,1
smm,vlk,1
xzl,szk,1
pfp,qkr,1
lgg,rsv,1
fzj,hjn,1
fcx,pjs,1
jls,pfs,1
zkc,tms,1
dfg,bmx,1
dvk,qqq,1
nmb,vgq,1
phx,lzr,1
hds,czz,1
fpl,nrr,1
krs,qxd,1
prj,qjv,1
zzv,grj,1
dtn,gfj,1
xpr,zxf,1
zlk,lvh,1
qdz,czz,1
hnz,hdt,1
xrn,pgr,1
hfh,grc,1
gxx,rrz,1
qxh,dlk,1
mrj,msp,1
pqc,bbm,1
vtq,gcn,1
xtz,csn,1
jgb,lgn,1
tgl,gkv,1
jxf,cnl,1
bds,xcq,1
vtr,gtn,1
tqn,mpk,1
qxb,gnk,1
htj,mtd,1
stn,xcs,1
zqt,hfv,1
qbj,lqh,1
xxf,zgf,1
fqj,cst,1
tvv,dcs,1
gxx,xgm,1
hnz,pql,1
vmb,kjd,1
qjs,rgh,1
qnz,zgg,1
mhj,plb,1
qkq,cdg,1
qlp,gxv,1
khm,vds,1
gbf,gfj,1
glz,qhs,1
qss,bcd,1
lcc,lrt,1
zhr,ltd,1
rdj,pnh,1
qkr,pkj,1
sjb,pmp,1
rsm,nxh,1
dmh,tmj,1
nzf,sms,1
ttf,qns,1
hlg,dlq,1
szg,cnh,1
hgf,kzb,1
hrs,llq,1
grt,sqj,1
zzv,qfr,1
cpn,snq,1
vzr,hpn,1
rlr,scp,1
tqd,zhn,1
cnk,nsp,1
tbb,jpt,1
tkg,vmf,1
bhc,xvt,1
ssb,vxz,1
jgz,kxl,1
mmh,hvs,1
rcd,jtd,1
jcv,grc,1
thr,dzb,1
krz,kkg,1
mnd,zfm,1
rbg,hdv,1
hfh,fxs,1
bzq,knh,1
cdd,kvv,1
rpq,njq,1
tff,xcn,1
czq,qrf,1
jfp,tgm,1
kzg,xvf,1
gbj,qtt,1
rcg,jvd,1
glp,mng,1
zfs,nvm,1
fjf,lpk,1
fdf,jrz,1
zks,rvq,1
lqm,lpg,1
ntd,psp,1
cxx,gxm,1
rzr,hfs,1
ttn,sbg,1
hgp,xgm,1
jzd,xff,1
shj,gbl,1
rjc,mjj,1
nks,jpq,1
fnq,hkm,1
zgr,nvf,1
ddt,glx,1
pgt,bbg,1
rsr,kxl,1
khm,gft,1
bxh,smv,1
ffr,qhr,1
zxb,fxq,1
slc,kjd,1
fpl,vdt,1
cfd,hcd,1
hcf,dnb,1
jds,hnj,1
lxq,hhq,1
cnl,qhs,1
cdz,ckj,1
jkj,kxx,1
lcs,hdc,1
jxs,jbq,1
pdt,pds,1
kkx,czv,1
jrv,rgz,1
fqq,zfm,1
snl,vrb,1
hvr,lgn,1
tbn,xtq,1
rng,vkb,1
stt,dxt,1
cjg,ljg,1
hvh,dpc,1
qnz,sth,1
qcd,bzb,1
csn,bmx,1
nll,shx,1
zsx,vhz,1
bgl,tmj,1
txx,jrv,1
vbz,nbn,1
gbg,xkk,1
nff,vxz,1
mnn,skq,1
qlp,fvt,1
drm,vcv,1
xtm,rrp,1
bcd,jgs,1
ttx,ksz,1
qkc,kgs,1
tpb,qkc,1
zrh,kkx,1
zch,mbt,1
zqk,fcg,1
znr,ppk,1
qlm,nfk,1
hht,tlh,1
rrp,dnt,1
lqm,kgs,1
qvx,tpj,1
kbs,cmt,1
vxt,psb,1
tzb,flb,1
hjz,fpr,1
lfg,ghh,1
pnh,xgv,1
lrm,rpn,1
mjq,jnf,1
mgh,hzt,1
zsl,fpq,1
qbz,cmz,1
bss,vfq,1
jrs,qnl,1
jtr,hpn,1
xpx,xtz,1
gjc,zsd,1
vhm,pqk,1
rks,dqx,1
xrm,gbm,1
fvn,nkx,1
klv,fcb,1
pkx,bld,1
bqh,jfq,1
jtv,vfq,1
dzx,kxx,1
zzs,grj,1
nvd,dlq,1
ntt,qsl,1
qks,ncj,1
pnx,fvp,1
jhh,zbz,1
xsc,qxm,1
lqq,hjm,1
qng,rqk,1
vfd,hfx,1
nvh,zkg,1
tkl,rrx,1
bvd,ctp,1
jtm,vrf,1
tch,hps,1
tlm,ptv,1
lcv,ght,1
tbn,dxr,1
vsb,lkp,1
hsx,ngj,1
jth,vnk,1
ngt,bjh,1
krs,xmb,1
rck,lnr,1
dkg,rnh,1
qdx,pcv,1
jds,lbb,1
nqc,fkf,1
rdb,gdj,1
lrb,ddk,1
tkx,rzr,1
cmg,nfl,1
sqz,zch,1
jft,rxv,1
qff,crf,1
shc,lqk,1
qpz,bbs,1
cnk,qdx,1
pnb,sgb,1
vqb,cnz,1
fhm,fdr,1
nnk,hjr,1
gfp,pqp,1
frq,zzb,1
sqx,pqp,1
mhf,ngb,1
mvt,txs,1
frq,tmm,1
pct,rpx,1
mkl,nzh,1
kdx,fxq,1
qkc,nsp,1
prm,chc,1
frq,jkx,1
ssg,dxt,1
stm,zxf,1
rmm,jtm,1
ffj,fqn,1
cgx,qph,1
jzd,qpr,1
nfk,ncd,1
hrz,tsl,1
mbm,vgs,1
vjj,vfv,1
xpq,bks,1
bkh,ntd,1
gbf,hnd,1
gmg,fqt,1
lnf,lfk,1
fmb,dxc,1
vcj,kxl,1
ddt,csc,1
jln,rlx,1
pmf,jjf,1
pqc,nxn,1
hjv,kdm,1
qzs,hjn,1
tbb,flk,1
ngt,zsd,1
lqq,vlk,1
jrs,jpg,1
fpr,xff,1
cgt,mkz,1
qfs,zmt,1
tqf,pmf,1
xft,bmx,1
npm,gcx,1
cjc,rrx,1
hkm,llc,1
lvt,dmh,1
qhk,qdk,1
ghv,jgs,1
dkc,dhs,1
fvz,tsl,1
zzv,nrt,1
brp,hlm,1
ncx,zpz,1
mtd,kgm,1
bqg,zmx,1
tmh,tpr,1
nfk,lbx,1
fjf,qfv,1
rqv,kqh,1
hbg,nsr,1
hdx,qns,1
vst,qvr,1
fkx,hkh,1
cnr,vzr,1
dlq,vql,1
znl,xtk,1
gvs,qqj,1
scp,sqr,1
rjd,bck,1
jtm,rcp,1
zrf,gsn,1
pgg,gcl,1
bks,rlj,1
tff,fdn,1
rbc,dbl,1
rhp,tdd,1
lgd,cfg,1
vsq,hbx,1
vkp,gkv,1
ngr,rlx,1
fkx,lqz,1
qhr,xqt,1
prm,jfm,1
kbr,tsj,1
qjk,lzp,1
mbp,lbq,1
fdz,fqr,1
ffr,jtd,1
nmb,sth,1
qss,bql,1
ncs,rpm,1
nfk,jkg,1
smm,ccz,1
qzc,jqj,1
mgr,nrt,1
blc,mrh,1
zxp,tqn,1
xqr,hgb,1
tvv,xct,1
xgt,ghk,1
kgp,dzb,1
shf,khh,1
kjd,cvl,1
gqb,hnb,1
hxc,kxl,1
kld,cmj,1
hds,qnl,1
rnm,zlb,1
sfb,ddm,1
npm,bql,1
tkk,rsk,1
krz,kzb,1
vkl,kvk,1
dlg,tzc,1
gvx,prd,1
xgt,cmr,1
scd,jgk,1
kft,vtb,1
qdv,zqp,1
svz,jpp,1
kvv,lrm,1
jgb,lhf,1
vmb,kvl,1
stm,pcj,1
vkp,fhl,1
nkx,bks,1
xjx,tff,1
nkf,jjf,1
xct,pkm,1
hht,lbf,1
fxq,kgq,1
cfd,zxb,1
vcj,tmf,1
hgn,gqd,1
tmb,llp,1
skd,ssg,1
xjr,qcn,1
ckj,kvl,1
kdx,gsr,1
hck,vjd,1
grx,rpv,1
tqd,xft,1
tpg,prt,1
jnk,cdg,1
gsh,fvk,1
nhg,dnr,1
ztz,zdk,1
qjz,tns,1
bck,sck,1
xjp,cjs,1
ggj,mmd,1
stt,zzb,1
jxb,rhz,1
fcb,kvb,1
vxm,mrh,1
tkx,nkf,1
mdp,gcl,1
npg,kst,1
hdc,ssn,1
txb,fbj,1
lrb,mrh,1
hlm,nxh,1
vmv,hcf,1
nbx,qdk,1
nql,nml,1
tcx,jtz,1
fjc,mtd,1
hvx,hkh,1
cmq,vfs,1
cqx,hlv,1
xfc,xrb,1
lvb,zkg,1
fxq,qmp,1
nff,nrt,1
gvb,fqq,1
trr,nvz,1
mfk,hdh,1
jzd,lqp,1
fxq,dds,1
rrg,cpb,1
ffs,ckq,1
rsx,cmj,1
fvv,shj,1
lqm,zmx,1
fqn,sbg,1
mrc,jpt,1
xvf,srt,1
nmv,pqp,1
fhn,kbm,1
fmb,bpp,1
gvb,jpg,1
hvx,vlk,1
vjd,zlk,1
ffj,tck,1
zxb,jcv,1
fkn,rpp,1
vpg,zsx,1
mhg,mpn,1
gqc,mkz,1
npz,zsq,1
zxb,cfg,1
dlh,fvt,1
dlh,cnz,1
vkp,qsv,1
trs,ttv,1
lvb,zlv,1
tgt,txp,1
lnt,szp,1
zgl,jzc,1
hdb,qct,1
vrx,pxc,1
jtv,sfm,1
kbm,jhb,1
xqs,lss,1
npg,lgg,1
rdc,vhg,1
cqj,bxs,1
xcb,qhq,1
ctv,fsp,1
hfb,pvd,1
vfq,qnl,1
gqm,bmp,1
prd,zmt,1
qtz,csc,1
fvm,zxf,1
tkr,bpq,1
zsx,lbf,1
qjs,rbh,1
xfn,skd,1
vrq,tzn,1
thh,qrt,1
jch,zmt,1
rcn,lfk,1
vkx,hck,1
qkq,grx,1
vdt,flb,1
cdd,lqh,1
tvv,kcg,1
kpv,xzn,1
tch,fzq,1
tkg,fqt,1
sqx,cqv,1
rcn,qff,1
jzb,zpm,1
mhq,grx,1
rkv,qph,1
nzz,fbg,1
zch,gdj,1
ngr,gsk,1
pnf,czv,1
tdz,msn,1
sjb,tql,1
xrm,mpn,1
prl,bqs,1
ttx,chn,1
jkj,cnn,1
mhj,ssn,1
bnl,gdh,1
bcp,vnk,1
bjl,sjp,1
kjh,ddx,1
mqh,kzm,1
pkx,kqp,1
krx,lrh,1
qrf,dkt,1
rst,bjh,1
npz,jvm,1
gmg,tmm,1
bff,krb,1
cst,vxm,1
prj,smv,1
cnz,hqm,1
xzq,kjz,1
pgz,jmk,1
bsl,cmt,1
nnv,hxt,1
grf,vbn,1
qkm,bcd,1
nnz,kqp,1
fhn,nmv,1
bkp,npf,1
bbm,bhn,1
ncl,xpk,1
kpv,hff,1
tlf,hdv,1
nfk,mld,1
prf,vdz,1
kgq,gft,1
gbj,drz,1
qlm,bcz,1
gql,flx,1
fxs,tdd,1
hrq,lgd,1
kxb,mzf,1
hqr,ssg,1
jfl,qsl,1
pbp,vvg,1
tjg,vrb,1
pcv,sqr,1
fjf,ghs,1
cnk,tkt,1
qkc,ldg,1
bbs,ght,1
rhp,jsn,1
qhq,glp,1
mbp,bch,1
dlb,tbd,1
hhh,vxb,1
vmp,lfz,1
pqp,cdz,1
bfh,rbf,1
gqc,vsl,1
kfc,qlv,1
drl,jvn,1
nxh,dhj,1
zgp,nql,1
mhn,rnj,1
tms,zkh,1
vmt,xvt,1
mpf,lph,1
mbh,fbg,1
xbh,gbr,1
cvv,jfl,1
shd,ldg,1
vrt,tdg,1
jtv,gpn,1
jvj,jvd,1
kdx,zhd,1
cnf,ngj,1
lsp,chn,1
pkf,lcc,1
lmk,qhq,1
sdh,qqq,1
bmt,ccz,1
kjh,cgx,1
fnm,xjx,1
fhv,zhz,1
hdx,xtq,1
bcp,rgm,1
rvm,rmj,1
qsx,sdv,1
bcq,czr,1
bvd,xft,1
bxs,dkb,1
bzq,tjc,1
ptl,qdb,1
gsn,rpn,1
nrr,qhl,1
frr,pxd,1
rrg,glp,1
gfc,lbq,1
fcb,jzb,1
npz,fxg,1
chn,vlk,1
fdz,qsb,1
cjx,rrp,1
qxm,kdm,1
kpt,fmf,1
lqq,zhx,1
jpp,sqn,1
vmt,qpr,1
gkn,fpg,1
lcs,brc,1
xrk,gqd,1
jxv,xcn,1
gxv,lrt,1
gfd,hmx,1
brl,hnb,1
kkm,kxp,1
lnt,bhx,1
tzj,qvr,1
kbm,flg,1
rsx,zkh,1
nls,lxr,1
ghk,ndp,1
hbk,njq,1
rbf,lph,1
mvl,fdd,1
kdx,qtt,1
mnn,bpt,1
ghx,qfs,1
ffr,pdt,1
hqf,rch,1
cvm,lbq,1
dkm,pds,1
kgj,zsq,1
jjb,kxp,1
hxc,ntn,1
mph,ghh,1
vqz,njc,1
tmb,lcs,1
vhm,kcg,1
hqr,frq,1
ggc,vjc,1
hbk,pkc,1
grf,bbz,1
chc,ptv,1
bcp,rsq,1
skh,jhh,1
kkq,jpp,1
sfk,vtl,1
sbq,njc,1
xhz,zvp,1
jts,jfq,1
mgr,bbg,1
cjd,vrb,1
sms,crf,1
bnl,fbg,1
bpb,khd,1
jks,fxf,1
jpg,nfl,1
bpz,tlt,1
qdb,dkt,1
chn,nhg,1
jhr,ctp,1
rqv,qzc,1
stn,lhn,1
hjv,nbn,1
tgl,pfc,1
txx,tmf,1
ngb,vtr,1
rck,gdd,1
trs,hxj,1
qns,tns,1
hnd,dvm,1
sfb,dxc,1
bkf,lmf,1
dtn,hvs,1
pbv,kbr,1
gvx,gpg,1
qsx,dlg,1
ksd,fsp,1
npq,czq,1
rck,nlh,1
sjb,dkj,1
fdf,nkz,1
dkd,ctv,1
dxb,mpq,1
fjf,mzg,1
xkr,bqx,1
vkx,qtz,1
qcd,dkb,1
vvt,jtm,1
xmn,cvl,1
xjp,pjl,1
lxq,rrx,1
ddm,hmx,1
fdn,dml,1
scp,zbz,1
mgj,rlj,1
njg,pcj,1
snj,jdn,1
cmg,szk,1
pfp,tkm,1
fsk,fdr,1
hhj,sbg,1
mfc,bzh,1
zhg,vgd,1
kld,flq,1
hnx,gzc,1
rqm,chm,1
gsh,rqk,1
pkc,bdj,1
thd,bhn,1
dvk,xpk,1
smb,hcf,1
ldl,ltd,1
lqv,hjn,1
jks,qvg,1
brp,pbf,1
zcf,flx,1
ldb,vpm,1
cvq,kqj,1
mhc,fpg,1
llt,qks,1
snq,qvg,1
kvv,pvg,1
xzq,qxd,1
hvr,sqn,1
vqm,rvq,1
dnb,zpm,1
vtq,dlg,1
qjv,lvh,1
zrq,nvz,1
bcz,kfz,1
gbr,vrb,1
dhq,nsp,1
xqt,ddx,1
hhh,gmx,1
lxq,ffs,1
kld,xxf,1
kmc,qzn,1
lqb,zsg,1
rkv,kld,1
vgq,brx,1
dfv,pbs,1
kmc,sth,1
rkq,bdm,1
ttx,nlv,1
ldt,sjf,1
dmr,pvd,1
vkp,jxk,1
skh,kng,1
fnl,qmp,1
jph,sfh,1
fqm,hxt,1
mtt,cdz,1
vsq,hhq,1
mhc,bdm,1
zmf,vsq,1
brc,ljg,1
sxq,njn,1
rxv,vfv,1
krz,vbc,1
mcn,hnb,1
xxb,ljr,1
skh,rrx,1
zsq,tgm,1
vmv,zbp,1
ndh,chm,1
fsk,php,1
cqz,jgz,1
xfm,hmx,1
sbp,brl,1
tvd,ggx,1
xpr,cns,1
qkm,pkj,1
kfh,rcg,1
mrr,bvn,1
tcx,mpk,1
mrc,dkm,1
pgr,jxc,1
jdq,jvm,1
grx,jtz,1
xhn,ckq,1
pqm,xjr,1
jhr,dng,1
zvz,nsg,1
kjz,rqk,1
nqk,fzq,1
jnr,qns,1
hqh,ljg,1
njq,kmh,1
dgx,qtt,1
gtj,cfm,1
rfz,lfg,1
mhn,ckj,1
rbc,sqj,1
llg,gdd,1
xqr,qsv,1
lkl,gbr,1
xkk,kzb,1
kmz,tts,1
qlm,ggc,1
fpg,zsk,1
cmq,hbs,1
btk,hcd,1
gtj,rck,1
xzz,mbp,1
cmq,bvn,1
xbk,qkr,1
tmb,vxz,1
qmh,dtn,1
sbq,gtn,1
pjl,cpb,1
jpg,msg,1
rmg,fdr,1
sth,tgd,1
cnn,tjg,1
snl,dbk,1
qvr,fvf,1
gfp,jxk,1
ckt,bhv,1
zhd,dbl,1
hnr,fdn,1
qlx,bps,1
hlm,qlp,1
dzq,lnf,1
vqv,dzb,1
pdn,llp,1
zzj,kxx,1
vhm,hjr,1
xsl,llg,1
txb,pjl,1
jpg,pct,1
dfv,djh,1
vbz,rlv,1
pqm,bsk,1
fhh,jxb,1
lzp,kkz,1
rpq,qhr,1
rfz,pjl,1
rlm,mcg,1
ktr,bqs,1
lpk,vnk,1
mmz,vpx,1
zqt,gxm,1
ngt,mrj,1
rdc,psr,1
bln,pqk,1
fvz,vnb,1
vjd,zhx,1
kmz,cxx,1
fqn,qtm,1
xsc,bck,1
dfk,rrz,1
bdj,pnm,1
bjl,kmk,1
ldt,vrb,1
qtk,hrq,1
vhg,cgx,1
kzm,hzm,1
dkm,cmj,1
vgs,ckt,1
tbb,zfs,1
jch,gpn,1
jdq,bpp,1
llc,mzg,1
tpc,tct,1
kvb,rmc,1
lpn,rpp,1
pzq,hfs,1
mcn,qhz,1
nsr,mgh,1
vbz,lcv,1
ssm,rpv,1
vgd,lsx,1
zvm,pfs,1
zfs,gjq,1
kjk,mfq,1
zgg,lbc,1
pbv,dzv,1
llt,pvd,1
nxk,zzj,1
sck,spj,1
khh,jsn,1
zsd,zgl,1
sqx,pbs,1
hkm,vqz,1
tvv,jks,1
vhg,brc,1
fcx,zzt,1
zvz,lss,1
xcx,hsb,1
srn,dlg,1
rjm,qxh,1
vtb,jmk,1
tkl,hbk,1
ddk,nfg,1
jzx,hcf,1
qzx,bhv,1
sgb,gdb,1
ntn,qzx,1
cqm,gkv,1
stm,mff,1
fvn,lsp,1
xtb,hnr,1
bht,tmb,1
zch,mgj,1
prp,hfp,1
klv,gfj,1
dbs,xrl,1
fkh,pmp,1
vsq,hcd,1
txb,lcv,1
rnn,mpk,1
zxb,vhf,1
fzp,zlf,1
pfn,mgh,1
qdr,rqk,1
svx,rpq,1
dqc,nfg,1
lcv,fnl,1
rnm,lpg,1
qng,kng,1
xfm,nhg,1
qcd,jss,1
mbm,sbb,1
fdf,gph,1
mnh,zrs,1
nxb,grc,1
jbj,rpq,1
jds,rht,1
scp,vds,1
stn,dlb,1
dxb,lxx,1
hfv,jds,1
xzl,bfj,1
bzh,drz,1
snj,qlv,1
xdc,kqp,1
vmb,pql,1
pzq,lzr,1
zgp,nnz,1
hgp,zqt,1
tkx,qsn,1
kgj,fjs,1
gkd,kmc,1
hqh,knd,1
mpf,sgp,1
bbz,ncj,1
bht,sqd,1
kkx,vxk,1
jtr,hqh,1
bbm,dtm,1
dtm,bnp,1
ltv,qnl,1
kpd,gnk,1
brp,hgn,1
fqm,dlh,1
chn,cmr,1
pgk,rch,1
vqb,dlk,1
jpp,rgd,1
fvn,bvb,1
tch,qqj,1
rnq,rhp,1
nlx,kgp,1
hll,nfg,1
svt,gnq,1
mnn,hnt,1
gqd,bct,1
vmr,mdk,1
qvs,rgm,1
mbm,rlm,1
skm,zlb,1
bds,gxq,1
qmh,xzz,1
zhm,bcq,1
fxs,nln,1
zgc,ffr,1
qjs,dkb,1
lgg,fsp,1
nkg,czr,1
ncv,tzb,1
lqh,cmt,1
txk,gdh,1
tdz,frn,1
jnm,pxr,1
mdv,dqc,1
gmx,qhs,1
krz,plp,1
qfv,pjs,1
xpq,tbp,1
qlx,kng,1
dxr,skl,1
qqs,vpm,1
jkb,sqn,1
cqm,npv,1
pkx,fdf,1
hzc,tct,1
ncd,szg,1
xzq,hbx,1
pkb,pzq,1
vhm,qvs,1
rjd,gcn,1
jtr,sqr,1
xtq,grj,1
vsr,pkc,1
vst,jkb,1
zfk,bdj,1
xxf,bff,1
gsr,vjc,1
hrq,zkv,1
ddt,khf,1
gpv,ncl,1
rmc,ppc,1
dtm,kdm,1
pgz,czr,1
bdj,vpx,1
cqx,kft,1
kzm,scd,1
qhz,tkk,1
thd,dml,1
smb,mmd,1
zjv,glp,1
fhm,kqp,1
npq,xxg,1
jkj,trj,1
lbd,tgl,1
smf,qtt,1
cqv,pxc,1
hdb,rgh,1
ddt,bkt,1
blt,xxg,1
nmp,vtq,1
rbj,jrz,1
mdv,drl,1
mld,mzr,1
kqj,qsn,1
kkg,xff,1
skt,lcf,1
jxd,cfg,1
dkc,skl,1
xrn,pfm,1
rxs,blc,1
dnt,qkx,1
qfv,zhz,1
tqd,xjq,1
fhl,tzj,1
dzq,qdb,1
xfc,tkr,1
nff,gqb,1
hfl,tmf,1
fjc,nrr,1
tkt,qns,1
csl,msr,1
cfd,gsh,1
dcm,rgm,1
khm,rsx,1
cvq,vfk,1
nvh,kmk,1
jkd,vqm,1
tlq,stx,1
hvr,dzx,1
plb,gxx,1
lhn,nlx,1
qxd,ddh,1
qcn,pnm,1
fqp,grt,1
drl,jjf,1
fmb,pmp,1
tqf,zmx,1
tqc,zrq,1
snl,vmf,1
jdp,vbc,1
xmx,jkx,1
xhz,qxz,1
ghk,ddm,1
vhz,hmx,1
xxb,znl,1
vmg,qkq,1
mhq,kxl,1
qhm,sjt,1
mhj,rnm,1
cns,kdm,1
hfn,ssg,1
dlk,jrv,1
plb,kgm,1
blt,jzx,1
fzp,cnc,1
brz,rch,1
hjm,jtz,1
txb,qdz,1
tlh,cvl,1
rrg,nvz,1
qrt,zkv,1
vjq,vnk,1
fmb,sjf,1
rfz,fqr,1
cfd,jrm,1
rnh,mhg,1
rdj,cln,1
bpb,bds,1
ssb,grj,1
lvs,ldm,1
rgh,dtb,1
kfc,ltv,1
gfc,bmt,1
clb,gbq,1
nnv,ggx,1
zmf,qfs,1
gfp,jbv,1
mhn,pxr,1
pjl,lqp,1
sbp,njn,1
hsb,jgk,1
lpn,lfk,1
sjj,nxb,1
vsg,lnr,1
ncv,bdm,1
zcx,fjq,1
thr,vsr,1
dnr,zhz,1
fcg,lkl,1
vng,vkl,1
vrx,khf,1
cst,cgz,1
cgx,jls,1
cjd,bmr,1
tcx,lmf,1
bcq,jmk,1
jbj,ksf,1
gpn,csp,1
bbm,zcs,1
kft,qtg,1
dcx,hfx,1
vfp,plp,1
lcm,zbz,1
kgj,zhz,1
szr,lvf,1
xtb,mqm,1
php,gdd,1
xzz,kpt,1
jhb,mcc,1
pvg,vfv,1
skl,flb,1
dqm,ldm,1
bcq,tbv,1
bpb,ssm,1
qng,tlt,1
hgb,xpz,1
lxx,prf,1
mvf,sdr,1
pqc,dzb,1
gql,sjp,1
zjx,xcq,1
nqk,sfm,1
htj,tgd,1
vmp,kgm,1
tch,dds,1
xgt,vsl,1
ccg,qks,1
fjs,kmk,1
qlp,nmr,1
qzc,nmg,1
fjs,qgn,1
vgs,xtz,1
qvs,pxc,1
pnm,lcf,1
qbj,sqd,1
ctv,qsl,1
tdz,jdq,1
rth,crf,1
rdc,vds,1
jdp,mmk,1
ncd,slg,1
jtf,hvs,1
sbp,nlx,1
sdv,hnj,1
jsc,nvf,1
qvt,ljg,1
njn,qnm,1
hlm,ppk,1
zvz,kst,1
nxk,nnp,1
npm,njq,1
bht,gpd,1
zsd,bvb,1
dbz,zvm,1
pnf,psr,1
dvb,szs,1
llq,nsg,1
gph,dtn,1
kxb,gkc,1
bpp,zzb,1
vfs,ggx,1
dlb,btv,1
ggj,spg,1
sfh,qsl,1
mmh,tkg,1
mhf,ccz,1
gft,dzv,1
kzg,llt,1
qnm,xmm,1
npq,bct,1
zhr,dfg,1
ncx,bmr,1
gsr,hbr,1
jkj,lhf,1
txg,pts,1
rvl,pqf,1
hnx,mbn,1
npm,xqt,1
rbh,fsh,1
tgd,gcx,1
vbz,tff,1
zxf,fhb,1
tqc,ssb,1
zxb,jqj,1
dsz,krb,1
mfk,jxj,1
hfv,lqm,1
frr,tmj,1
vsl,lbq,1
npq,nnp,1
frl,shl,1
ngn,bgl,1
xft,mvp,1
pbr,vbh,1
gxm,zsk,1
jcv,pxd,1
dbk,php,1
zrs,bqh,1
shd,qhl,1
lqv,mvn,1
fxq,drz,1
bfx,vtr,1
tjg,scs,1
rnq,gmx,1
tcx,xcq,1
hrs,fhm,1
lxg,hxt,1
kgj,vbn,1
fhh,tpb,1
tdg,mjs,1
spg,qrf,1
zfk,qdv,1
jnk,bqh,1
cgv,mng,1
mhp,hfp,1
jfd,nzs,1
dkm,vnb,1
fnl,qrp,1
rbq,ttn,1
sfb,lnf,1
pgz,gtn,1
ssg,jxj,1
pgr,dgz,1
tlf,tpr,1
xfr,shc,1
jdp,jgp,1
khh,qzn,1
mdp,zfq,1
mll,lrh,1
bzq,dqx,1
mvf,sjj,1
dlq,bch,1
nfl,vjj,1
lhn,zlf,1
tkm,brz,1
blt,mbh,1
fjm,plr,1
flg,lph,1
qnz,kll,1
zcv,pdn,1
lhs,vgd,1
zkc,xlf,1
nnz,zhn,1
qfs,trr,1
hxq,jrv,1
tpg,qvm,1
jgp,kjz,1
bfx,ptl,1
mhf,pxh,1
scs,mpk,1
mkl,pgt,1
dtm,ssb,1
bmr,czr,1
lvf,glx,1
gqb,xhn,1
vsv,mgj,1
bmt,jtf,1
rqv,vrc,1
jkb,xth,1
jgz,smv,1
mfc,zfk,1
zlv,szs,1
nzz,fdr,1
dlb,mqm,1
cdd,vfp,1
bpb,sgb,1
hsb,hzt,1
hjn,psp,1
llg,ftf,1
fjm,hbr,1
mrg,dph,1
pzs,vjq,1
zvl,prf,1
dvk,zbm,1
cnl,gmx,1
bxh,zhx,1
shl,hbs,1
nvd,cxc,1
pkb,xcn,1
lsp,gdb,1
lbx,flp,1
tmb,jds,1
slc,bnl,1
vvt,mjs,1
llc,csl,1
jzx,nlh,1
vsv,nxh,1
zrf,vrc,1
tqd,hgb,1
lph,hxt,1
jhx,szs,1
vgs,ssm,1
rks,rhz,1
xsl,bln,1
kjf,rmj,1
tzb,qrt,1
fcl,bjl,1
fjs,vqb,1
fdz,szk,1
jfp,ppk,1
krp,pgk,1
hll,rvv,1
sbq,fsh,1
pbv,nln,1
hrs,xtz,1
tpj,plm,1
fqt,nlg,1
kpx,jgz,1
bff,fzq,1
qnz,krb,1
nmp,dlb,1
hfn,jfm,1
lzp,rmg,1
rjm,pnx,1
qvs,hbs,1
cph,xcs,1
pfj,ltd,1
frl,pnx,1
xxb,ncj,1
dkg,hds,1
pkx,mvn,1
txb,fjq,1
cfm,jrv,1
hfv,jls,1
tqd,rbh,1
hfl,vkb,1
blt,lkp,1
lvs,rsr,1
lpn,lgg,1
txg,qjv,1
thp,pgz,1
jxb,bqg,1
qxz,hmh,1
lhp,svx,1
vlc,mcg,1
jds,vfv,1
cmg,rbs,1
bbs,xgv,1
cmm,spj,1
rrl,cnh,1
rqm,qpv,1
fvv,jgp,1
npz,fvp,1
hgn,mbh,1
brz,nxb,1
gbg,psb,1
qsk,qtm,1
bpc,mjq,1
cvv,msv,1
nls,bzm,1
lff,csp,1
mph,xmm,1
jch,prl,1
rbf,vmr,1
cmt,kbp,1
nmg,cnh,1
jkd,hjv,1
vdt,bbg,1
txs,mpp,1
fcl,hjr,1
hlm,mzf,1
mqh,gbr,1
txs,bch,1
rpq,fdn,1
jls,dzv,1
jxs,ncj,1
sqz,xhh,1
prl,cgx,1
hjs,npv,1
hrq,vnb,1
hht,mvn,1
nvz,qdr,1
trj,xfm,1
lxq,nrz,1
dsz,bmz,1
hbg,scs,1
xqv,hqf,1
zpz,jgz,1
mmh,psp,1
frn,cjd,1
rcn,rlp,1
rth,hlv,1
zsq,cfx,1
lcm,gbl,1
plm,fjm,1
lrt,dkt,1
njv,skl,1
ghv,plp,1
tjc,bcz,1
pdt,rvv,1
rjd,cjs,1
zgr,sqp,1
pct,tff,1
dbs,nml,1
xzq,qfr,1
drp,zvq,1
gvs,dqx,1
mtt,vmf,1
kqh,pbv,1
bhn,pkb,1
dfd,rqk,1
dnt,vmf,1
bqd,rnn,1
xxm,dhj,1
tms,ksf,1
npg,pxh,1
qkq,cqz,1
bnl,hmx,1
jfm,rpv,1
lbd,vpm,1
prt,jkx,1
hll,hdz,1
qsx,hps,1
nrz,zgr,1
xsl,lxx,1
dfr,vrf,1
tsj,dqc,1
fcb,bkf,1
hck,rpm,1
xzl,qmp,1
cpn,tdv,1
grf,ngb,1
dkj,mhp,1
vlc,tqn,1
lrb,pbp,1
smf,pfm,1
tdz,fpq,1
gmg,gqm,1
clb,rnj,1
vxt,dxr,1
czz,ght,1
cqx,jxs,1
zmf,jxd,1
hdk,rpx,1
rpm,sbq,1
pkb,qph,1
qlx,kbp,1
cjx,fjs,1
qzs,jhb,1
dhs,vpx,1
fqr,vfq,1
gbg,dqx,1
zgp,fjs,1
gvx,zlf,1
zrh,bqg,1
bql,txp,1
rmm,npf,1
cvb,ckq,1
cpt,fqq,1
zvl,psp,1
npv,qzx,1
lbx,jqj,1
dcm,ntd,1
sjt,lmf,1
nqc,jfd,1
sgp,jzb,1
plm,czv,1
ngn,lfg,1
fhv,fph,1
zsg,lcp,1
lqb,pbp,1
zzj,fcx,1
kkq,llq,1
xvf,jbv,1
fvf,mvp,1
xxf,kng,1
ngb,gbq,1
rkv,tbd,1
pfc,fxf,1
vrf,mmz,1
jth,dlk,1
lff,tjc,1
gpd,hcd,1
tpc,spj,1
xtm,tbv,1
svx,qvt,1
mff,lcj,1
lqb,cmm,1
zxb,hhq,1
cph,xlf,1
vtr,mdk,1
tqf,stx,1
fhh,qtk,1
zvp,fkf,1
hzk,vdz,1
dkd,sjf,1
xlf,htj,1
sjb,mgh,1
mpn,bqs,1
mhq,zbm,1
pxr,gbq,1
rnk,kjh,1
zzs,vzz,1
tkm,kgp,1
xbk,xhn,1
bxp,xpk,1
trj,fxg,1
pnb,pkf,1
svz,msn,1
cmm,xpr,1
vfd,sdv,1
kmz,trr,1
gxq,hmh,1
xkr,pgt,1
bvn,mmg,1
vxt,ldg,1
nzf,xrl,1
snf,csp,1
rdb,qff,1
lqg,gdb,1
sfg,bnp,1
jrq,cjs,1
fdz,gjq,1
jcv,fbj,1
rqv,mff,1
dnb,dvb,1
cxn,jtz,1
xtm,sjf,1
mqh,vsb,1
hzc,jvn,1
bvd,sdh,1
mkz,fxf,1
rvm,vpm,1
mtt,hzm,1
zgc,tts,1
plp,grc,1
nmp,xlv,1
jdn,lzr,1
xgm,ckq,1
jvj,skt,1
nls,mzg,1
shx,lcf,1
scs,rgd,1
rsv,pbs,1
tzh,nks,1
fnq,dng,1
rst,pnz,1
rzr,jsn,1
rkq,zkv,1
shf,cnh,1
frq,gbq,1
zvl,jnm,1
bpc,vsg,1
kcr,pbp,1
fzp,xcs,1
cnk,jch,1
jnr,lvt,1
khf,hmh,1
mrj,pnz,1
pqm,pmf,1
jzc,jbv,1
dqm,rbj,1
jss,dnr,1
dpc,tzc,1
rrp,kst,1
ldb,kbm,1
hdb,mhp,1
hfv,vrq,1
trr,dhq,1
kxl,kxp,1
fdn,mmz,1
bcd,ksf,1
zmx,kqk,1
xcd,xtk,1
zmf,kfc,1
vtr,gfj,1
xfc,kdm,1
jkg,vrf,1
gkc,pkm,1
llt,qjk,1
vtl,xqr,1
ljr,fkh,1
sfg,shx,1
vkp,nsg,1
vjj,xhn,1
fvz,bsk,1
ghv,gsh,1
rpq,jpt,1
dkg,btv,1
nzh,sqj,1
rnk,cln,1
ptl,tzj,1
gcn,dgz,1
mvl,rjp,1
ljr,rnj,1
pfs,gnq,1
php,zzt,1
pkj,ghh,1
kgm,tgd,1
gfd,ncs,1
nnp,tgl,1
xct,nzs,1
tvd,cfm,1
bfx,kkq,1
pqc,jkm,1
zxp,vcv,1
rmj,vst,1
ghx,vgq,1
pjh,fpq,1
khm,bhn,1
jhh,bpm,1
lvf,tgm,1
mld,czv,1
pgg,hhj,1
fcg,bcq,1
knh,jkm,1
hdc,ttf,1
dmr,ksz,1
zrf,vzr,1
ntn,xtt,1
kqh,mhg,1
nrb,qrt,1
fhn,xmn,1
php,jts,1
ddt,mqv,1
gxv,ggx,1
fqz,sjf,1
zsd,fkl,1
lxg,mfq,1
lhs,rbh,1
vhm,rmj,1
mll,vtb,1
sjt,lqg,1
txx,jnf,1
kbs,spj,1
pzs,qhk,1
msg,flk,1
vzc,psb,1
krp,blc,1
tmm,ccz,1
bpt,nzs,1
rpm,nmr,1
mcc,dvk,1
vsv,fkf,1
vqt,cbf,1
hlg,pfj,1
stm,zvq,1
flg,xcd,1
znl,sjt,1
mmh,rmc,1
kjf,rvk,1
crf,mdk,1
jss,bfh,1
cnr,lrm,1
gpv,cqz,1
nvf,jxc,1
tdd,xff,1
vkx,qct,1
kxp,dhj,1
sqd,hrz,1
fzp,flp,1
hcf,lkp,1
cph,nxn,1
nzs,hvs,1
fhh,xlf,1
dlk,smv,1
jbj,mmz,1
hck,hsb,1
svz,znl,1
dpc,ssf,1
vqt,rlm,1
khf,zhz,1
jhh,xjr,1
pmt,tql,1
pfm,dmh,1
qlm,cph,1
kjk,cfx,1
bkp,xtq,1
mnd,rrg,1
npf,ttn,1
gqc,hkm,1
thh,zvq,1
qvm,qqq,1
jpg,qlv,1
tqc,bkp,1
rxs,qzn,1
ztc,nzs,1
bkt,dpf,1
mpf,jrz,1
nml,hqm,1
vtl,crm,1
zsg,lvp,1
lqp,tck,1
dcx,qhl,1
hdb,nmx,1
dhs,dzv,1
mdv,kkx,1
jnr,hjv,1
ndh,qsk,1
zzs,pgk,1
rst,qgn,1
lvb,jhx,1
dfd,vkl,1
zvp,lqg,1
zkc,qpj,1
vrc,rch,1
msv,xth,1
kft,skd,1
xmm,ttc,1
gkd,njg,1
rgz,sdk,1
tbb,tct,1
skh,ktr,1
tkl,pds,1
tvv,fqt,1
dng,rbf,1
bvn,jzc,1
npf,ttc,1
trs,tmd,1
njg,vdx,1
rcn,spg,1
lvj,kcg,1
frl,dlh,1
pdt,sqj,1
qkl,jsc,1
tkr,zxb,1
ghs,xcq,1
zrq,skm,1
ncd,bdj,1
nll,hqf,1
hbg,zdk,1
shj,hbr,1
pjl,nvm,1
nkg,pdj,1
bpm,srn,1
srt,hdv,1
jch,nff,1
bvx,nxp,1
tmf,kxx,1
gmx,hhj,1
cpb,hrz,1
pmt,hgz,1
shd,gqb,1
xdc,kpx,1
chm,bmz,1
rcp,rpx,1
kvr,dxt,1
hqr,lqz,1
khm,qsk,1
tck,qpr,1
kjk,qgn,1
lcc,rpv,1
nrb,nxb,1
dlp,gpg,1
xmn,vkb,1
kbr,pmf,1
pnz,bch,1
nnv,hlv,1
qhz,tdd,1
tjc,dfr,1
tpg,kqp,1
lrb,cjc,1
bkd,bck,1
jtv,lcp,1
zhg,hdh,1
jxf,lmk,1
rbs,gnq,1
dsz,kfz,1
qxr,kkz,1
jhx,nkx,1
qkm,qdr,1
kvr,tql,1
mjq,ttv,1
qlp,nlg,1
zzt,vql,1
fqq,lzr,1
jnr,zkh,1
mnn,flg,1
jdp,hnb,1
bhn,pvg,1
hnd,xtk,1
njg,mqm,1
bht,jxv,1
zqm,vds,1
jtv,cjg,1
mnd,rhz,1
jft,jgs,1
qvx,bbk,1
jkm,fqn,1
hdc,tch,1
xfn,jgk,1
qbz,vpx,1
xpq,pkf,1
zlv,gxq,1
qsb,cps,1
ssn,mpn,1
pnx,jkx,1
ghv,pnm,1
zfq,ckq,1
jds,mhj,1
mpp,rgm,1
xfn,hjm,1
vng,nlx,1
fqm,jbv,1
vdv,rcd,1
zfs,ttn,1
smb,fmf,1
rnq,dfk,1
tkm,plp,1
snf,gft,1
fvn,njc,1
hlg,mbn,1
xmx,kxc,1
mqq,dkt,1
vqt,fkn,1
drm,shc,1
lbd,khd,1
mqq,txk,1
fqz,fhl,1
ngt,sbb,1
vdv,krs,1
vsr,kvk,1
tlf,fkl,1
snf,vkl,1
glx,fsp,1
nls,hgb,1
qph,hpn,1
cqj,fcg,1
msp,qkx,1
tff,ffs,1
cjx,tqn,1
fmb,bld,1
lcm,ktr,1
nxk,hdt,1
zzt,fxf,1
qph,psr,1
rsm,cjd,1
xdc,bmx,1
ddm,mkz,1
dcx,ffj,1
pfp,bsk,1
jch,flk,1
xrb,qfr,1
hvh,llp,1
lvj,gkc,1
zmx,jvd,1
grx,gxv,1
hzk,trj,1
cjx,qhm,1
tpc,vxk,1
plb,spj,1
mmk,rlx,1
fhl,mjq,1
nzz,vmr,1
fzj,ztz,1
hjs,pxh,1
xhh,dfg,1
mhn,xrl,1
ghs,ckj,1
zsl,lqz,1
hcf,lhn,1
hsx,hfp,1
qtk,bnp,1
zsx,gfp,1
mhj,drz,1
nvd,nmx,1
thr,kmh,1
pgg,qsk,1
pjh,gmg,1
zqk,bvv,1
bkp,thh,1
xsc,svx,1
hgz,hdv,1
lvs,pxc,1
cvv,mqv,1
vhf,mhc,1
tkx,jxb,1
tbn,srn,1
pkj,bpm,1
kqh,qtm,1
rkh,lvj,1
shd,nfl,1
xfn,ckj,1
snf,gcl,1
xrk,snq,1
sjk,tms,1
vfs,csl,1
ngn,dsz,1
nfg,kmh,1
hqr,dvb,1
chc,xzz,1
qxb,cps,1
nmp,cjc,1
rrl,szk,1
pmt,zhx,1
kkg,gbm,1
xgv,sqp,1
lqb,rlx,1
pnx,qdk,1
pdn,dzb,1
vsg,hss,1
vqv,nbn,1
khm,hnj,1
rjc,hnr,1
mvf,prd,1
mvf,nvm,1
krz,mnd,1
mbh,fpq,1
fnq,vcv,1
mdv,xjx,1
npz,zxp,1
qtk,njv,1
fqm,qct,1
mjj,hhq,1
fvf,mdk,1
xkk,gkd,1
cpt,czv,1
jch,skm,1
bqx,fpg,1
hvh,flb,1
tgt,bkd,1
dlq,ksz,1
rdc,hqf,1
vng,fjc,1
lmk,hdz,1
dbk,bkt,1
vqv,jsc,1
ghv,rzr,1
dpc,mgr,1
rfz,lhp,1
qjz,nvm,1
bhx,bzb,1
vjq,hnt,1
rmm,xrn,1
gql,jhx,1
kfc,dgz,1
xkr,zcs,1
dqm,kxc,1
kfh,vfp,1
ngz,cfg,1
fvm,jzd,1
rvk,bhv,1
kmz,fvk,1
thh,fzq,1
jzx,hqm,1
qkc,hdk,1
lbf,dtb,1
tbd,czz,1
smf,vgq,1
dcm,bzb,1
zvm,mhj,1
jss,zxp,1
fqt,tzh,1
rhp,jln,1
qbz,dfd,1
tkr,rks,1
cnc,xzq,1
bpc,dqm,1
mmh,cnf,1
rvm,dvb,1
mbm,cvv,1
fqj,qpr,1
znr,jjb,1
ghx,nrt,1
zhm,rpm,1
qkl,lqh,1
cbf,vmr,1
mfk,cvm,1
cmg,qqj,1
lkl,ppc,1
pql,zjx,1
zhn,dhj,1
xmp,nnf,1
pqm,tzc,1
knd,qpv,1
jjb,cfx,1
jvn,dds,1
mhn,fcl,1
tmf,gdb,1
hqr,rlp,1
mnh,fxf,1
rjc,cgv,1
sfk,qsv,1
lqb,gxm,1
skm,ggc,1
bpt,ngj,1
bhc,nrb,1
qjs,kxc,1
qvt,hbx,1
srt,bhv,1
fsk,hbs,1
tms,nvf,1
qdx,sjj,1
dnr,lsx,1
kcg,ppc,1
nkz,xpk,1
vph,cjk,1
blf,gkn,1
xqv,qnz,1
nkf,jxd,1
qxr,msn,1
gbl,pfs,1
nks,dfg,1
blf,bps,1
qvx,fqp,1
pnh,zlb,1
gdh,lsx,1
qxh,rgz,1
sck,drz,1
pdj,vrb,1
gcg,vsl,1
tjg,ntd,1
hjz,kmh,1
pnm,bbg,1
gvb,cps,1
rfz,hll,1
jtg,mff,1
djh,ppk,1
hzt,zsq,1
sjj,qsb,1
grx,ftf,1
vpg,qsl,1
pxh,lnf,1
qxz,dxc,1
svz,zkg,1
nll,kbp,1
kmz,vfp,1
bqh,vbn,1
tgt,slg,1
khf,mbt,1
hkh,lqg,1
xmm,dds,1
bzh,bcz,1
fqp,cjk,1
zzt,hss,1
lhf,hxj,1
mmk,zfm,1
fvv,sfg,1
lbd,qqq,1
tzh,mmg,1
lhp,jtm,1
zhd,btk,1
lnf,mfq,1
bxs,pjs,1
gfc,fnq,1
qdx,gkn,1
vmg,xfn,1
hzk,nmr,1
xqr,bpt,1
hdx,dbl,1
qcn,xvt,1
dkg,tsl,1
xmp,mrr,1
xcn,dml,1
qdx,bps,1
ljj,pqf,1
lgn,zlk,1
ccg,qck,1
bmx,jzb,1
sqd,rrz,1
xkr,zgf,1
xtb,fqn,1
cmq,bqd,1
tkr,fjq,1
bsh,mpk,1
dzq,rbj,1
fhv,nmx,1
xcx,hjn,1
qxb,bfj,1
jrm,lvp,1
mtt,ftf,1
qhm,mhn,1
xcx,scd,1
xbh,nlh,1
qpj,kgp,1
ndp,xtt,1
jkd,hfx,1
msp,hfq,1
rvl,kfz,1
xcs,rlv,1
jft,cpt,1
rqm,qsn,1
mqv,kpt,1
mgj,mvn,1
zvf,bjh,1
vsr,vqm,1
vtl,vbn,1
nxp,qxm,1
lgn,scd,1
hfb,bfh,1
qff,vhz,1
qlx,bmz,1
qtk,hfh,1
zqk,rsq,1
fkn,rnn,1
hxq,fmf,1
hnt,cbf,1
drp,nsp,1
fqj,tzc,1
slc,csn,1
dbz,zqm,1
xcx,ptv,1
vmg,qdk,1
qxz,jvm,1
kcr,bbk,1
nmg,xmm,1
mpq,cdz,1
zdk,xpz,1
lqp,gsk,1
jkd,jft,1
vgd,bld,1
pbr,lvh,1
flx,csl,1
pjh,pkf,1
cmq,nzz,1
frr,sqd,1
gjc,mvn,1
zfk,bbk,1
bbm,gvs,1
fhv,tlm,1
nnz,dnt,1
zsd,fph,1
hvr,tzj,1
ccg,lfk,1
smb,bmp,1
vhf,nxp,1
tpj,vrt,1
dkb,qsl,1
nqk,ssf,1
fkn,ldl,1
tkx,zks,1
jxj,ppk,1
hjs,zlp,1
bsl,dzv,1
vfd,mfc,1
ztz,dhj,1
rlr,fhb,1
mdv,mng,1
fvv,ffj,1
lvb,mpq,1
lgd,pcj,1
sfk,gbf,1
rkv,dkc,1
ndh,qsn,1
ttx,ztc,1
ngn,jdn,1
pdj,jgk,1
fbj,qpv,1
vxb,kjh,1
lff,tch,1
hnx,skd,1
xtt,bld,1
vbc,knd,1
fvz,mqm,1
gqc,sfb,1
cqz,mmg,1
lcs,nbn,1
shj,pds,1
ffr,ddh,1
xhz,hvx,1
brz,lzr,1
txk,tql,1
jxd,qdr,1
tpj,jtg,1
ztz,mvp,1
lqd,vlk,1
shf,jkg,1
zgr,ttc,1
skh,dkg,1
zcx,tlq,1
cjk,gjq,1
npm,pvg,1
tbb,czz,1
jtr,drz,1
ldb,nhg,1
fvm,gpg,1
jtr,hfs,1
lvs,crm,1
cvj,rnj,1
mpf,gqm,1
cnn,ncj,1
fnq,xfm,1
hfb,jtz,1
jgs,gpn,1
bpz,cvq,1
hzk,shl,1
bmp,xhh,1
drb,csc,1
krp,rvv,1
nmg,mld,1
tlq,hdk,1
zkg,qvg,1
lxr,dpf,1
bvx,xmm,1
dbk,xxm,1
lsp,cbf,1
kzg,snl,1
hqf,qdr,1
bpz,rsk,1
qxr,msv,1
hfn,tdv,1
ksx,crf,1
txg,nqc,1
jvj,lvt,1
mrr,bkf,1
vzc,tbd,1
bfx,kzm,1
djh,nbx,1
svt,bfj,1
xmp,vmr,1
jfl,jxk,1
mrj,xpz,1
mqq,djh,1
zzv,cln,1
lhp,hzc,1
bpt,lsx,1
blf,fxs,1
vph,ncd,1
lqh,bpq,1
sjk,nzh,1
nlh,bzm,1
mhc,mtd,1
mhc,nzh,1
jmk,spg,1
nmx,jzb,1
pfp,cgv,1
xcb,qcn,1
ntt,hgb,1
pts,ttv,1
xmx,ctp,1
bpz,fcv,1
tlf,crm,1
gjc,hxt,1
dgx,jtm,1
nrr,lcj,1
kmz,xrc,1
txg,cnn,1
ggj,rjp,1
vkl,jtg,1
dqx,krb,1
cdg,jfq,1
hfb,grf,1
tdv,rvk,1
bbz,kxl,1
lfz,xcs,1
mll,jtf,1
vgs,hqm,1
xfc,gsr,1
fcl,flx,1
fpl,jvj,1
lff,kgp,1
nkz,fxg,1
nnv,rsv,1
hrs,nnp,1
hdx,glp,1
phx,btv,1
vlk,xrl,1
xxg,lmf,1
hkm,vbh,1
xsc,kmc,1
jsc,qnl,1
cnr,mjs,1
kpd,hbr,1
hnz,fkl,1
rkv,dhq,1
gkd,hpd,1
zzs,hfx,1
kgm,qxd,1
rng,rjp,1
pnb,gbq,1
bck,pct,1
kds,tlh,1
vqv,tkk,1
gcx,qsn,1
vmp,jqj,1
csn,vmr,1
xgt,zhr,1
pfj,hxc,1
lvp,xtq,1
bsh,qct,1
jfp,bmt,1
xpx,mrr,1
cjg,drp,1
bpb,hfq,1
ghk,qtz,1
qtk,bqg,1
cxx,qhq,1
zvp,lqk,1
cfm,msn,1
hzc,pnh,1
rnh,tzn,1
qqs,prp,1
gvx,tdd,1
cxx,zfq,1
hnb,vvg,1
gbr,zgh,1
lpg,vxz,1
ncs,qrf,1
pkc,kng,1
smm,zvf,1
rnq,nlx,1
nxh,scd,1
hfs,xlv,1
lbz,vbh,1
mqq,cqm,1
qzc,fqn,1
bkd,nrr,1
xbh,xmp,1
qsx,blc,1
qks,dfg,1
xpr,hpn,1
bmr,fsp,1
xjp,pcv,1
zgh,sdk,1
xmn,sfh,1
kxb,jxj,1
mbn,sdh,1
vpg,kxc,1
grf,dvm,1
knh,vdx,1
gsk,ssn,1
dng,dpf,1
mqm,1
cfd,1
rch,1
qzc,1
tlm,1
rnq,1
llq,1
cmj,1
thp,1
tpg,1
vzr,1
pzs,1
dvk,1
vrt,1
qbz,1
mbn,1
vqv,1
pfn,1
qkr,1
dcx,1
nxn,1
zbp,1
zgf,1
dxr,1
hvr,1
tff,1
dqx,1
msv,1
mrj,1
xct,1
fvv,1
qhk,1
php,1
jvn,1
kgq,1
xvf,1
zhz,1
ldm,1
fhn,1
gtj,1
vmr,1
xtz,1
kqj,1
bkh,1
sdr,1
ncv,1
chc,1
jxj,1
fsh,1
lqm,1
plp,1
lrm,1
bjh,1
hfv,1
fsp,1
bmr,1
bpc,1
hps,1
dtn,1
drb,1
xtb,1
pxh,1
sbq,1
ljj,1
ncl,1
psp,1
gfj,1
bmt,1
htj,1
cpb,1
jds,1
ddk,1
fjc,1
bmp,1
jzc,1
lvp,1
dnr,1
nzz,1
ntd,1
gpn,1
tkg,1
kmk,1
rxs,1
bbs,1
bbm,1
zqm,1
vvt,1
dds,1
nmb,1
rdj,1
fvp,1
xrc,1
fvn,1
tch,1
zgh,1
btk,1
snj,1
vbh,1
qjz,1
pxd,1
rcn,1
dng,1
ssm,1
brp,1
ggj,1
zqt,1
dhs,1
kdm,1
cmr,1
rrz,1
kcg,1
ght,1
tkk,1
zsq,1
ckt,1
rcg,1
bsh,1
jmk,1
mpf,1
skm,1
rjc,1
slc,1
zqk,1
rcd,1
lrt,1
nkz,1
xjx,1
jhb,1
dhq,1
lvh,1
tzc,1
gsh,1
vsb,1
vkx,1
cnz,1
cfm,1
gdb,1
vmf,1
bxs,1
rrl,1
kbs,1
vrb,1
grx,1
kpx,1
trr,1
qhq,1
qxd,1
pqk,1
bsl,1
kgs,1
hds,1
nrz,1
skh,1
hgp,1
bqd,1
xlf,1
jnk,1
cjs,1
mrr,1
tdd,1
hqh,1
hjz,1
nlv,1
zfm,1
nlx,1
qxr,1
zzv,1
hjn,1
rmm,1
gjc,1
znl,1
zgp,1
gcn,1
xhz,1
lbb,1
zrh,1
sfb,1
bkp,1
pmt,1
hbx,1
fcb,1
rjp,1
lhs,1
xbh,1
rsq,1
dkd,1
tdv,1
zgg,1
kgj,1
fjs,1
qsv,1
gfd,1
gcl,1
trj,1
mmh,1
qjv,1
qdr,1
pbf,1
pxr,1
scs,1
kbr,1
vbc,1
vmt,1
lcv,1
njc,1
pjl,1
kcr,1
cln,1
qng,1
jkg,1
qdv,1
qpz,1
mmd,1
frn,1
rgh,1
zhn,1
dbl,1
rbf,1
tzj,1
rpv,1
mhf,1
nmp,1
nmg,1
czr,1
sqd,1
hzt,1
vsr,1
csp,1
jxd,1
jzd,1
pkf,1
mdp,1
cxx,1
msn,1
qhr,1
vkp,1
smb,1
npv,1
blt,1
dcm,1
jcv,1
dfk,1
bgl,1
zvf,1
crm,1
sbg,1
ffr,1
dvm,1
drl,1
clb,1
bcp,1
hnz,1
hfq,1
cjg,1
rxv,1
ncx,1
xzq,1
ggx,1
vpx,1
spj,1
njq,1
rmg,1
hfs,1
mrc,1
qsb,1
hzc,1
zpz,1
jtv,1
fmf,1
nfg,1
mpq,1
rfz,1
llp,1
bpm,1
vkb,1
ncj,1
nlh,1
glz,1
vrs,1
vrc,1
pkj,1
fxq,1
kng,1
bxh,1
qdb,1
rnj,1
thd,1
rpp,1
vfq,1
lss,1
gxx,1
bhv,1
sqz,1
xlv,1
ggc,1
dcs,1
cps,1
rvv,1
fqz,1
qcd,1
vvg,1
jtm,1
mhg,1
snf,1
rbg,1
fdr,1
ftk,1
shd,1
zvp,1
fxg,1
zrf,1
njv,1
bht,1
txs,1
fcx,1
jfm,1
bcq,1
qfr,1
vfv,1
gxm,1
cgx,1
lnr,1
hfx,1
vqb,1
qdx,1
bps,1
jnf,1
vds,1
bcz,1
nxk,1
kvk,1
fvm,1
xsl,1
rqk,1
jkd,1
vrx,1
dfr,1
snq,1
nzh,1
sjk,1
rkq,1
gqc,1
sfg,1
dbk,1
mkl,1
sdk,1
kpv,1
hjm,1
gbr,1
hdh,1
gpg,1
vdv,1
zlf,1
rbc,1
sjb,1
lxx,1
bff,1
khd,1
mzf,1
tmf,1
rst,1
ddt,1
pbs,1
zfq,1
nhg,1
ghx,1
nml,1
sqp,1
vqz,1
lvj,1
cnr,1
zkv,1
shf,1
cjk,1
zkh,1
sms,1
sbb,1
jbq,1
hdx,1
vmg,1
xsc,1
xqv,1
zvl,1
mvp,1
svt,1
pnb,1
mmz,1
drz,1
rhz,1
pbp,1
lvt,1
hbk,1
rmj,1
vgd,1
zsg,1
fsg,1
kmz,1
jsn,1
txp,1
vtl,1
tlq,1
bfj,1
jnm,1
sjt,1
mcg,1
pqm,1
ndh,1
nmr,1
cdg,1
lcf,1
jjf,1
jvd,1
zdk,1
dxb,1
csl,1
khm,1
hbs,1
dgx,1
xhn,1
zkg,1
gnk,1
rpq,1
xjp,1
bvn,1
rpx,1
rlj,1
tbp,1
bqg,1
sqx,1
shx,1
npm,1
lbd,1
kvb,1
rjm,1
cgz,1
tqc,1
kgp,1
ngb,1
rzr,1
ttx,1
zxp,1
rhp,1
dnt,1
gpv,1
lpg,1
hdb,1
gxq,1
hnj,1
nrr,1
mhn,1
fdf,1
jtf,1
smf,1
vtr,1
xrn,1
qdk,1
qvm,1
vqt,1
lvf,1
mll,1
gvb,1
dkg,1
cmt,1
lxq,1
ksz,1
kfc,1
rrx,1
qvs,1
bqh,1
fpr,1
gcx,1
qvg,1
lnf,1
cvb,1
dmh,1
bds,1
shj,1
cnc,1
hlm,1
bbz,1
xzl,1
jrq,1
jdn,1
pnf,1
qtk,1
sdv,1
ckq,1
nnp,1
mjs,1
cmq,1
jxf,1
xxf,1
krz,1
hfh,1
qkx,1
dpf,1
kmc,1
qnl,1
ttn,1
hbg,1
jks,1
nfl,1
dqc,1
krs,1
hdv,1
hqf,1
vjc,1
zzs,1
hnt,1
dnb,1
zfs,1
xgm,1
lcc,1
mkz,1
rkh,1
sgb,1
zvz,1
vlk,1
rdc,1
vzc,1
jvj,1
psb,1
drp,1
rvm,1
cvm,1
xcx,1
nxp,1
jtd,1
hfl,1
zlp,1
cst,1
fcl,1
pvd,1
spg,1
gbl,1
sfm,1
llg,1
vrf,1
zhd,1
txk,1
flg,1
stt,1
zlv,1
lff,1
fkh,1
rlp,1
mmk,1
dsz,1
sxq,1
kzb,1
hrz,1
pnx,1
kxl,1
npz,1
bvv,1
mzg,1
kxx,1
xkr,1
jjb,1
lhn,1
vdz,1
bnp,1
ftf,1
zlk,1
tmb,1
lgn,1
xbk,1
hsx,1
rpn,1
bkt,1
kxb,1
sqn,1
ccz,1
jsc,1
jhr,1
qzx,1
vfd,1
kjk,1
vdt,1
xgv,1
bsk,1
pqf,1
nkx,1
vkl,1
dlq,1
jgp,1
lcp,1
zhx,1
gjq,1
rlv,1
kxp,1
xcn,1
hhh,1
lgd,1
kds,1
tqn,1
prp,1
kjf,1
lph,1
vfs,1
gbm,1
krp,1
klv,1
kzm,1
grc,1
ndp,1
xkk,1
xtt,1
bkd,1
hgb,1
vjq,1
dpc,1
lhf,1
qns,1
gtn,1
njn,1
vnk,1
tgl,1
gkn,1
tkl,1
xjq,1
kbm,1
pnz,1
sth,1
tbd,1
qnz,1
plm,1
cph,1
lpn,1
fdn,1
fnq,1
zvq,1
zcf,1
nbx,1
jrs,1
plb,1
mgr,1
tqf,1
gkc,1
hpn,1
hlv,1
bqx,1
zzb,1
fmb,1
hxc,1
jln,1
bcd,1
jtz,1
jkj,1
zmt,1
fzj,1
gkv,1
cmg,1
rbs,1
zrq,1
dtm,1
dbs,1
hrq,1
scd,1
bpz,1
qkq,1
ssn,1
hnd,1
msr,1
sfh,1
pbv,1
pgr,1
dzv,1
lvb,1
qdz,1
xpq,1
vjd,1
gmg,1
qzn,1
zxb,1
tlt,1
mpp,1
ldb,1
bss,1
mld,1
qck,1
zmf,1
bqs,1
qqq,1
zbz,1
nnk,1
tql,1
bck,1
stm,1
grt,1
ssb,1
rsx,1
vjj,1
vcv,1
hss,1
jgs,1
grf,1
bld,1
hkm,1
ncs,1
dlg,1
cvl,1
bkf,1
sqj,1
fqq,1
flp,1
hfb,1
rvk,1
kqp,1
mvt,1
hck,1
tpb,1
hkh,1
tbn,1
tvv,1
lzp,1
ddh,1
gpd,1
krx,1
cpn,1
lkl,1
nlg,1
mtd,1
rcp,1
ldl,1
rvq,1
gfp,1
mfk,1
xxm,1
xdc,1
lxg,1
gsk,1
mph,1
msg,1
bvb,1
dzx,1
vhf,1
mbp,1
thr,1
hrs,1
ksd,1
mnn,1
pgz,1
tbv,1
fxs,1
xmn,1
xvt,1
cmm,1
szr,1
ljg,1
knh,1
kgm,1
hdt,1
jls,1
mvf,1
pjs,1
lmf,1
txx,1
dfd,1
rqv,1
xtk,1
ncd,1
jpg,1
kxc,1
lmk,1
sfk,1
xqr,1
qlm,1
mjj,1
xrm,1
rlr,1
tsl,1
qkc,1
bql,1
gzc,1
jdq,1
cns,1
rnh,1
jgb,1
mrg,1
rlm,1
vlc,1
pkx,1
xrl,1
czv,1
brc,1
czq,1
cdz,1
khf,1
sdh,1
vtq,1
jbv,1
pct,1
nbn,1
tgm,1
zhr,1
bpp,1
qks,1
cmz,1
qrf,1
lqz,1
rth,1
xcs,1
xzn,1
prf,1
fzp,1
nrb,1
hfp,1
vfk,1
vng,1
ngz,1
ldg,1
brz,1
npf,1
tsj,1
mfc,1
vph,1
vxm,1
chm,1
trs,1
pfp,1
pnm,1
jxc,1
vst,1
mhc,1
gmx,1
zkc,1
vnb,1
jxk,1
cqx,1
vxt,1
hnb,1
xpx,1
lbz,1
kkx,1
tct,1
xtm,1
qxm,1
brx,1
chn,1
dxc,1
lnt,1
dzb,1
rbh,1
rbq,1
hgz,1
dlb,1
vsg,1
ksx,1
rsv,1
zjv,1
gqd,1
bzq,1
qph,1
pgt,1
qvr,1
bpq,1
mnd,1
vsq,1
hjs,1
crf,1
ffs,1
qlp,1
znr,1
cnl,1
flk,1
tjc,1
gbf,1
npq,1
cqz,1
cnh,1
vmp,1
gkd,1
szs,1
qqs,1
xzz,1
pjh,1
gqm,1
lsx,1
kld,1
pgg,1
fcv,1
hzk,1
mcn,1
mng,1
zsl,1
rgm,1
rrp,1
mfq,1
psr,1
hmx,1
gql,1
skd,1
ngt,1
smv,1
nks,1
fkn,1
fqj,1
dxt,1
hdk,1
nll,1
tzb,1
prj,1
dph,1
gsn,1
kft,1
txg,1
hcf,1
pcv,1
msp,1
vmb,1
tpj,1
lpk,1
dzq,1
fcg,1
mbh,1
bzm,1
nff,1
jrz,1
cqv,1
ssg,1
khh,1
fbj,1
mvl,1
kqk,1
pfs,1
tkr,1
fvk,1
qfv,1
gbq,1
hqr,1
jfd,1
tts,1
zgr,1
skt,1
rnm,1
fvt,1
lkp,1
qhs,1
hfn,1
qlv,1
ltd,1
smm,1
rlx,1
tzh,1
skq,1
nnf,1
qhz,1
fkf,1
hbr,1
tms,1
xcd,1
plr,1
gqb,1
dlp,1
tkm,1
gph,1
zgl,1
dfg,1
qtt,1
zhm,1
svx,1
fqp,1
kll,1
fhv,1
rnn,1
hsb,1
hgn,1
mqq,1
pnh,1
cpt,1
mbm,1
pds,1
czz,1
zcs,1
ppk,1
qjs,1
kkg,1
bpt,1
cvq,1
bct,1
cxc,1
flb,1
bnl,1
qtz,1
xtq,1
xjr,1
mhj,1
mjq,1
jpq,1
mmg,1
xpz,1
fhm,1
kvr,1
cfx,1
lcm,1
gbj,1
dqm,1
mqh,1
lcs,1
rsk,1
hvx,1
rng,1
txb,1
vfp,1
ngj,1
qbj,1
fsk,1
rmc,1
qlx,1
nqc,1
dkc,1
qpj,1
gnq,1
dkt,1
bdm,1
gfc,1
ffj,1
gft,1
ghv,1
rsm,1
bch,1
jch,1
hhq,1
cjx,1
mcc,1
ddm,1
kpt,1
dvb,1
lqk,1
xmp,1
nfk,1
zsd,1
rks,1
cnn,1
blc,1
jgk,1
lfz,1
kmh,1
bln,1
lbq,1
gxv,1
vxk,1
hgf,1
pcj,1
bhc,1
thh,1
rkv,1
cxn,1
prl,1
fkl,1
hqm,1
gdj,1
kfz,1
zsk,1
rgz,1
zfk,1
ghk,1
dml,1
rbj,1
pbr,1
tgd,1
stx,1
ckj,1
ngn,1
lzr,1
tck,1
cjc,1
cnk,1
tjg,1
jxs,1
tpr,1
ctp,1
qfs,1
dbz,1
jph,1
tgt,1
cvv,1
cdd,1
xqt,1
vbn,1
hht,1
hll,1
fvz,1
dgz,1
dxm,1
jvm,1
hdz,1
qtm,1
pdn,1
gbg,1
zgc,1
ttf,1
lqb,1
pql,1
gsr,1
sgp,1
xhh,1
hcd,1
rqm,1
kzg,1
qqj,1
pqp,1
rdb,1
pfc,1
lbx,1
bvd,1
ksf,1
pdj,1
lbf,1
vks,1
pmf,1
qrt,1
bjl,1
zvm,1
fqt,1
qsl,1
dhj,1
grj,1
gcg,1
ptv,1
mpn,1
xth,1
fqm,1
szg,1
pzq,1
nln,1
scp,1
fjq,1
bbk,1
qmh,1
jkm,1
llt,1
kvl,1
lqd,1
dlh,1
zzt,1
shc,1
fxf,1
lrb,1
xpk,1
zbm,1
zmx,1
ccg,1
xxg,1
hff,1
szk,1
zcv,1
pkm,1
nzf,1
ldt,1
cgv,1
fdz,1
pfj,1
ttc,1
glx,1
tlh,1
jhh,1
blf,1
qtg,1
mnh,1
bdj,1
llc,1
qct,1
fkx,1
xqs,1
prd,1
vhm,1
vtb,1
qjk,1
xrk,1
mqv,1
shl,1
krb,1
jft,1
jts,1
vpg,1
sjp,1
xmm,1
srt,1
jtg,1
tmj,1
lcj,1
hmh,1
fqr,1
xcb,1
vxz,1
fbg,1
dfv,1
dkj,1
ntn,1
vzz,1
qvx,1
mff,1
hvh,1
pvg,1
xpr,1
bhx,1
bhn,1
fvf,1
pkb,1
xxb,1
xff,1
tdz,1
hxj,1
nsr,1
jtr,1
hxq,1
kkm,1
bmz,1
xfc,1
btv,1
jkx,1
qsn,1
lqg,1
ljr,1
nvf,1
ssf,1
mvn,1
nqk,1
pkc,1
kkz,1
fph,1
ztc,1
tkt,1
lqp,1
ngr,1
hhj,1
zrs,1
nnz,1
frq,1
gdd,1
vhz,1
knd,1
mtt,1
hnr,1
lbc,1
lfk,1
pdt,1
fhl,1
glp,1
bks,1
vsl,1
hdc,1
xcq,1
snl,1
xfn,1
tns,1
frr,1
ddx,1
tbb,1
nkf,1
cfg,1
fdd,1
mgh,1
qvt,1
fjm,1
qxz,1
vqm,1
jpp,1
tkx,1
mhq,1
ttv,1
npg,1
qsx,1
tzn,1
tmh,1
dkm,1
jzb,1
vhg,1
qkm,1
qmp,1
zcx,1
sbp,1
nzs,1
tlf,1
jrm,1
jfq,1
xft,1
jss,1
qkl,1
tmd,1
fzq,1
szp,1
lvs,1
fpq,1
rpm,1
pqc,1
jxv,1
cqm,1
skl,1
zsx,1
pmp,1
xrb,1
nsp,1
qpr,1
fhh,1
nvz,1
gdh,1
nnv,1
pxc,1
tpc,1
bzh,1
qhl,1
sck,1
tcx,1
nxh,1
zlb,1
fhb,1
mhp,1
bmx,1
kjz,1
bbg,1
lqq,1
jbj,1
brl,1
pgk,1
bpb,1
qhm,1
zpm,1
vdx,1
nmx,1
hzm,1
ghh,1
qff,1
stn,1
cqj,1
fpl,1
kbp,1
hxt,1
qxb,1
fpg,1
jfl,1
vql,1
hjv,1
kkq,1
jth,1
cbf,1
cnf,1
hpd,1
kpd,1
mgj,1
fqn,1
zhg,1
ntt,1
fnl,1
prt,1
sqr,1
zqp,1
rsr,1
nvh,1
bzb,1
kjd,1
jrv,1
lsp,1
kqh,1
jhx,1
hjr,1
qrp,1
jxb,1
zks,1
vmv,1
dkb,1
ltv,1
csc,1
qzs,1
vgs,1
nkg,1
tqd,1
jpt,1
zxf,1
bvx,1
cvj,1
nql,1
fnm,1
djh,1
rjd,1
svz,1
xmb,1
njg,1
jqj,1
lgg,1
qnm,1
xfr,1
gvs,1
tmm,1
hnx,1
nmv,1
lfg,1
sjf,1
jgz,1
kst,1
ptl,1
jnr,1
jfp,1
lhp,1
rnk,1
bxp,1
vpm,1
vgq,1
rht,1
rck,1
ktr,1
rrg,1
zzj,1
cjd,1
xgt,1
rgd,1
pfm,1
flq,1
cgt,1
rvl,1
qsk,1
xfm,1
kdx,1
nls,1
jzx,1
ctv,1
mdv,1
kfh,1
prm,1
fjf,1
mrh,1
phx,1
dlk,1
lxr,1
zjx,1
qgn,1
nxb,1
drm,1
tdg,1
kvv,1
ghs,1
slg,1
xmx,1
mpk,1
vxb,1
vbz,1
lqv,1
vrq,1
sjj,1
nvd,1
dmr,1
srn,1
gvx,1
hvs,1
jdp,1
lrh,1
pts,1
bfh,1
nrt,1
nsg,1
mzr,1
mbt,1
vcj,1
hlg,1
flx,1
qpv,1
qss,1
zch,1
vsv,1
ppc,1
qcn,1
qxh,1
csn,1
ztz,1
lqh,1
jkb,1
frl,1
nvm,1
dtb,1
bfx,1
tvd,1
kjh,1
mdk,1